,Employee_ID,First_Name,Last_Name,Age,Department_Region,Status,Join_Date,Salary,Email,Phone,Performance_Score,Remote_Work,Department,Region,Phone_Status,Email_Status
0,EMP1000,Bob,Davis,25.0,DevOps-California,Active,4/2/2021,59767.65,bob.davis@example.com,1651623197,Average,True,DevOps,California,Valid,Needs Verification
1,EMP1001,Bob,Brown,30.0,Finance-Texas,Active,7/10/2020,65304.66,bob.brown@example.com,1898471390,Excellent,True,Finance,Texas,Valid,Needs Verification
2,EMP1002,Alice,Jones,30.0,Admin-Nevada,Pending,12/7/2023,88145.9,alice.jones@example.com,5596363211,Good,True,Admin,Nevada,Valid,Needs Verification
3,EMP1003,Eva,Davis,25.0,Admin-Nevada,Inactive,11/27/2021,69450.99,eva.davis@example.com,3476490784,Good,True,Admin,Nevada,Valid,Needs Verification
4,EMP1004,Frank,Williams,25.0,Cloud Tech-Florida,Active,1/5/2022,109324.61,frank.williams@example.com,1586734256,Poor,False,Cloud Tech,Florida,Valid,Needs Verification
5,EMP1005,Alice,Garcia,40.0,Sales-Texas,Inactive,6/10/2020,88642.84,alice.garcia@example.com,5409003485,Good,False,Sales,Texas,Valid,Needs Verification
6,EMP1006,Frank,Jones,30.0,Admin-Nevada,Active,4/3/2020,96288.43,frank.jones@example.com,4518376063,Good,False,Admin,Nevada,Valid,Needs Verification
7,EMP1007,Bob,Jones,30.0,Cloud Tech-Florida,Inactive,7/17/2022,94497.91,bob.jones@example.com,4134327559,Average,True,Cloud Tech,Florida,Valid,Needs Verification
8,EMP1008,Frank,Davis,35.0,Admin-Nevada,Inactive,12/8/2023,115565.82,frank.davis@example.com,4177656123,Excellent,True,Admin,Nevada,Valid,Needs Verification
9,EMP1009,Charlie,Johnson,30.0,DevOps-New York,Active,8/4/2022,76561.88,charlie.johnson@example.com,8156985699,Excellent,True,DevOps,New York,Valid,Needs Verification
10,EMP1010,David,Williams,35.0,Cloud Tech-New York,Active,7/6/2024,72081.71,david.williams@example.com,2720634590,Average,False,Cloud Tech,New York,Valid,Needs Verification
11,EMP1011,David,Davis,30.0,DevOps-California,Active,9/4/2023,84946.19,david.davis@example.com,1238296576,Poor,True,DevOps,California,Valid,Needs Verification
12,EMP1012,Heidi,Williams,30.0,HR-New York,Active,3/5/2024,89295.77,heidi.williams@example.com,2429543164,Excellent,False,HR,New York,Valid,Needs Verification
13,EMP1013,Grace,Williams,30.0,Finance-California,Active,10/10/2020,85666.84,grace.williams@example.com,2669300892,Good,False,Finance,California,Valid,Needs Verification
14,EMP1014,Alice,Garcia,25.0,Admin-Nevada,Active,6/10/2024,97633.68,alice.garcia@example.com,1734206968,Excellent,True,Admin,Nevada,Valid,Needs Verification
15,EMP1015,Grace,Jones,40.0,Sales-Florida,Pending,5/29/2021,117975.49,grace.jones@example.com,4215291085,Good,True,Sales,Florida,Valid,Needs Verification
16,EMP1016,Alice,Brown,25.0,DevOps-Illinois,Inactive,4/23/2024,94867.33,alice.brown@example.com,7713334475,Poor,False,DevOps,Illinois,Valid,Needs Verification
17,EMP1017,Grace,Garcia,30.0,Finance-Texas,Pending,11/28/2024,100377.65,grace.garcia@example.com,2639343625,Average,True,Finance,Texas,Valid,Needs Verification
18,EMP1018,Charlie,Garcia,30.0,Cloud Tech-Nevada,Inactive,9/19/2024,94726.46,charlie.garcia@example.com,2044397358,Excellent,False,Cloud Tech,Nevada,Valid,Needs Verification
19,EMP1019,Charlie,Williams,35.0,Admin-Illinois,Pending,1/2/2020,91926.12,charlie.williams@example.com,7107256365,Average,True,Admin,Illinois,Valid,Needs Verification
20,EMP1020,Bob,Miller,35.0,HR-New York,Active,5/8/2021,111460.67,bob.miller@example.com,9411800536,Excellent,True,HR,New York,Valid,Needs Verification
21,EMP1021,Bob,Jones,40.0,Cloud Tech-Illinois,Active,9/19/2020,96182.56,bob.jones@example.com,5990048963,Good,False,Cloud Tech,Illinois,Valid,Needs Verification
22,EMP1022,Charlie,Johnson,35.0,Sales-Illinois,Inactive,3/9/2021,115023.94,charlie.johnson@example.com,6528092427,Average,True,Sales,Illinois,Valid,Needs Verification
23,EMP1023,David,Garcia,35.0,Finance-Nevada,Pending,2/3/2022,80667.01,david.garcia@example.com,7572158623,Excellent,False,Finance,Nevada,Valid,Needs Verification
24,EMP1024,Bob,Brown,30.0,Admin-Texas,Inactive,2/13/2020,91181.61,bob.brown@example.com,1502745643,Good,True,Admin,Texas,Valid,Needs Verification
25,EMP1025,David,Miller,25.0,Cloud Tech-Nevada,Pending,4/30/2020,66025.92,david.miller@example.com,9485625727,Average,False,Cloud Tech,Nevada,Valid,Needs Verification
26,EMP1026,Frank,Miller,25.0,Sales-New York,Inactive,10/2/2023,83979.01,frank.miller@example.com,7032032073,Average,False,Sales,New York,Valid,Needs Verification
27,EMP1027,Heidi,Johnson,30.0,Finance-Florida,Active,7/12/2020,56785.16,heidi.johnson@example.com,2761707586,Excellent,True,Finance,Florida,Valid,Needs Verification
28,EMP1028,Grace,Garcia,40.0,Finance-Nevada,Active,10/11/2023,95741.88,grace.garcia@example.com,7712151341,Excellent,False,Finance,Nevada,Valid,Needs Verification
29,EMP1029,Alice,Brown,40.0,DevOps-California,Active,5/24/2021,63411.31,alice.brown@example.com,2849939088,Excellent,True,DevOps,California,Valid,Needs Verification
30,EMP1030,Charlie,Jones,40.0,Admin-California,Inactive,5/26/2021,111214.02,charlie.jones@example.com,2613715040,Good,True,Admin,California,Valid,Needs Verification
31,EMP1031,Bob,Smith,25.0,DevOps-Illinois,Active,7/10/2020,114845.69,bob.smith@example.com,6591520176,Excellent,True,DevOps,Illinois,Valid,Needs Verification
32,EMP1032,Charlie,Brown,40.0,Finance-Florida,Active,11/5/2024,78072.82,charlie.brown@example.com,7490509758,Average,False,Finance,Florida,Valid,Needs Verification
33,EMP1033,Grace,Johnson,25.0,Finance-California,Inactive,8/7/2021,79610.52,grace.johnson@example.com,2304501895,Average,False,Finance,California,Valid,Needs Verification
34,EMP1034,Heidi,Miller,30.0,Admin-California,Active,4/29/2020,90542.62,heidi.miller@example.com,1642361031,Excellent,True,Admin,California,Valid,Needs Verification
35,EMP1035,Frank,Jones,25.0,Cloud Tech-Illinois,Inactive,10/26/2022,114357.1,frank.jones@example.com,6642147648,Excellent,True,Cloud Tech,Illinois,Valid,Needs Verification
36,EMP1036,Alice,Brown,30.0,Cloud Tech-New York,Active,5/3/2023,54757.26,alice.brown@example.com,2515837766,Poor,False,Cloud Tech,New York,Valid,Needs Verification
37,EMP1037,Grace,Smith,25.0,Sales-New York,Pending,5/2/2023,52781.92,grace.smith@example.com,4996165925,Average,True,Sales,New York,Valid,Needs Verification
38,EMP1038,Frank,Smith,35.0,Admin-Nevada,Pending,10/5/2021,66708.02,frank.smith@example.com,6108573277,Good,True,Admin,Nevada,Valid,Needs Verification
39,EMP1039,Eva,Williams,40.0,HR-Texas,Active,7/27/2022,93481.15,eva.williams@example.com,8147617421,Poor,False,HR,Texas,Valid,Needs Verification
40,EMP1040,Bob,Williams,25.0,Sales-New York,Pending,6/27/2021,59271.96,bob.williams@example.com,4386490809,Excellent,True,Sales,New York,Valid,Needs Verification
41,EMP1041,Bob,Davis,30.0,HR-California,Active,6/16/2022,108362.15,bob.davis@example.com,8186617944,Excellent,False,HR,California,Valid,Needs Verification
42,EMP1042,Alice,Johnson,30.0,HR-Nevada,Active,12/3/2024,59400.38,alice.johnson@example.com,4918017225,Average,True,HR,Nevada,Valid,Needs Verification
43,EMP1043,Bob,Garcia,30.0,Admin-California,Inactive,5/23/2023,64744.08,bob.garcia@example.com,,Excellent,False,Admin,California,Invalid,Needs Verification
44,EMP1044,Eva,Brown,30.0,Finance-California,Active,7/8/2020,94399.91,eva.brown@example.com,5232194167,Good,True,Finance,California,Valid,Needs Verification
45,EMP1045,Alice,Brown,25.0,HR-New York,Pending,6/20/2021,61310.74,alice.brown@example.com,,Average,True,HR,New York,Invalid,Needs Verification
46,EMP1046,Grace,Garcia,30.0,Cloud Tech-Texas,Active,12/13/2024,98371.37,grace.garcia@example.com,7499564121,Excellent,False,Cloud Tech,Texas,Valid,Needs Verification
47,EMP1047,Alice,Davis,35.0,Sales-Illinois,Active,5/30/2022,58921.19,alice.davis@example.com,,Average,True,Sales,Illinois,Invalid,Needs Verification
48,EMP1048,Alice,Miller,35.0,Admin-Nevada,Active,9/27/2023,57195.55,alice.miller@example.com,6831472759,Excellent,False,Admin,Nevada,Valid,Needs Verification
49,EMP1049,Grace,Miller,30.0,DevOps-New York,Active,11/5/2024,61375.12,grace.miller@example.com,1227770792,Excellent,True,DevOps,New York,Valid,Needs Verification
50,EMP1050,Charlie,Davis,40.0,Cloud Tech-New York,Pending,11/11/2021,104767.05,charlie.davis@example.com,3496050165,Excellent,False,Cloud Tech,New York,Valid,Needs Verification
51,EMP1051,David,Miller,35.0,Admin-Nevada,Active,2/22/2022,111051.67,david.miller@example.com,7998407677,Good,False,Admin,Nevada,Valid,Needs Verification
52,EMP1052,David,Williams,30.0,Finance-California,Inactive,8/7/2024,105674.18,david.williams@example.com,9973080694,Good,False,Finance,California,Valid,Needs Verification
53,EMP1053,Alice,Brown,30.0,Finance-California,Inactive,11/5/2024,54859.45,alice.brown@example.com,8146717956,Average,False,Finance,California,Valid,Needs Verification
54,EMP1054,Frank,Davis,30.0,Finance-Nevada,Pending,11/9/2021,115746.6,frank.davis@example.com,6024375737,Excellent,True,Finance,Nevada,Valid,Needs Verification
55,EMP1055,Eva,Brown,30.0,Sales-California,Active,8/10/2020,91759.99,eva.brown@example.com,3959724664,Excellent,True,Sales,California,Valid,Needs Verification
56,EMP1056,Frank,Garcia,40.0,Sales-Illinois,Active,2/27/2022,112965.33,frank.garcia@example.com,7293417222,Good,False,Sales,Illinois,Valid,Needs Verification
57,EMP1057,Alice,Smith,40.0,Cloud Tech-Illinois,Pending,11/7/2023,100360.1,alice.smith@example.com,2971674337,Excellent,False,Cloud Tech,Illinois,Valid,Needs Verification
58,EMP1058,David,Williams,35.0,Finance-Texas,Pending,11/7/2021,93620.88,david.williams@example.com,,Good,False,Finance,Texas,Invalid,Needs Verification
59,EMP1059,Bob,Jones,35.0,Sales-California,Pending,4/16/2022,72832.8,bob.jones@example.com,5619318373,Excellent,True,Sales,California,Valid,Needs Verification
60,EMP1060,Charlie,Williams,30.0,Finance-Nevada,Inactive,10/19/2023,102369.42,charlie.williams@example.com,5508428909,Average,True,Finance,Nevada,Valid,Needs Verification
61,EMP1061,Eva,Davis,40.0,Sales-Texas,Inactive,8/10/2021,64712.79,eva.davis@example.com,7711991807,Excellent,True,Sales,Texas,Valid,Needs Verification
62,EMP1062,Frank,Jones,40.0,Finance-Florida,Pending,3/13/2021,85782.18,frank.jones@example.com,1213524786,Excellent,True,Finance,Florida,Valid,Needs Verification
63,EMP1063,Charlie,Smith,25.0,HR-Illinois,Pending,7/20/2023,93348.26,charlie.smith@example.com,1255213759,Poor,False,HR,Illinois,Valid,Needs Verification
64,EMP1064,David,Davis,35.0,Admin-New York,Active,2/20/2020,53234.96,david.davis@example.com,3754821455,Good,False,Admin,New York,Valid,Needs Verification
65,EMP1065,Bob,Johnson,40.0,Finance-Nevada,Pending,2/2/2021,100284.21,bob.johnson@example.com,5328632665,Excellent,False,Finance,Nevada,Valid,Needs Verification
66,EMP1066,Grace,Brown,30.0,Admin-Nevada,Pending,1/12/2020,112486.19,grace.brown@example.com,7850720810,Excellent,True,Admin,Nevada,Valid,Needs Verification
67,EMP1067,Bob,Smith,40.0,Admin-New York,Pending,11/26/2022,82518.49,bob.smith@example.com,5562606028,Poor,True,Admin,New York,Valid,Needs Verification
68,EMP1068,Bob,Brown,40.0,Admin-Florida,Pending,12/23/2022,119152.47,bob.brown@example.com,,Poor,True,Admin,Florida,Invalid,Needs Verification
69,EMP1069,Heidi,Miller,30.0,DevOps-Illinois,Inactive,8/28/2024,113479.83,heidi.miller@example.com,4892673898,Good,False,DevOps,Illinois,Valid,Needs Verification
70,EMP1070,Charlie,Johnson,40.0,Finance-California,Active,9/16/2024,94636.3,charlie.johnson@example.com,7563410855,Poor,False,Finance,California,Valid,Needs Verification
71,EMP1071,Heidi,Johnson,30.0,HR-Florida,Active,1/1/2024,70000.97,heidi.johnson@example.com,2884318847,Average,True,HR,Florida,Valid,Needs Verification
72,EMP1072,Frank,Smith,30.0,Cloud Tech-New York,Active,4/18/2021,76812.47,frank.smith@example.com,5200894345,Poor,False,Cloud Tech,New York,Valid,Needs Verification
73,EMP1073,David,Johnson,25.0,Finance-Florida,Inactive,1/16/2023,82614.7,david.johnson@example.com,8105485100,Average,True,Finance,Florida,Valid,Needs Verification
74,EMP1074,Grace,Jones,40.0,Sales-Nevada,Active,10/20/2024,111645.97,grace.jones@example.com,7490753997,Good,True,Sales,Nevada,Valid,Needs Verification
75,EMP1075,Heidi,Johnson,25.0,HR-California,Inactive,10/13/2024,112414.91,heidi.johnson@example.com,9354492682,Good,False,HR,California,Valid,Needs Verification
76,EMP1076,David,Brown,40.0,Admin-California,Inactive,9/21/2022,52031.74,david.brown@example.com,1589357125,Good,True,Admin,California,Valid,Needs Verification
77,EMP1077,Grace,Brown,30.0,Finance-New York,Pending,12/29/2022,51887.65,grace.brown@example.com,6110627370,Good,False,Finance,New York,Valid,Needs Verification
78,EMP1078,Alice,Davis,25.0,DevOps-Florida,Active,11/10/2024,82318.89,alice.davis@example.com,5869886496,Good,True,DevOps,Florida,Valid,Needs Verification
79,EMP1079,Grace,Brown,35.0,Admin-Florida,Inactive,11/22/2021,103286.08,grace.brown@example.com,6776228276,Average,False,Admin,Florida,Valid,Needs Verification
80,EMP1080,Grace,Davis,35.0,Cloud Tech-Florida,Active,3/14/2024,87759.33,grace.davis@example.com,2881377027,Average,False,Cloud Tech,Florida,Valid,Needs Verification
81,EMP1081,Frank,Brown,30.0,DevOps-Texas,Pending,3/23/2020,102796.32,frank.brown@example.com,5196115939,Good,False,DevOps,Texas,Valid,Needs Verification
82,EMP1082,David,Jones,25.0,Sales-New York,Active,9/15/2020,83149.27,david.jones@example.com,8215454469,Poor,True,Sales,New York,Valid,Needs Verification
83,EMP1083,David,Garcia,40.0,DevOps-California,Inactive,12/9/2020,92412.49,david.garcia@example.com,2296044326,Excellent,True,DevOps,California,Valid,Needs Verification
84,EMP1084,Bob,Davis,30.0,HR-Texas,Pending,2/22/2020,115022.1,bob.davis@example.com,,Good,False,HR,Texas,Invalid,Needs Verification
85,EMP1085,Grace,Williams,40.0,DevOps-New York,Active,4/27/2023,98343.01,grace.williams@example.com,9756792286,Poor,False,DevOps,New York,Valid,Needs Verification
86,EMP1086,Bob,Miller,35.0,DevOps-Illinois,Active,6/18/2024,118869.1,bob.miller@example.com,7725199662,Excellent,True,DevOps,Illinois,Valid,Needs Verification
87,EMP1087,Frank,Smith,30.0,Finance-Nevada,Inactive,5/21/2020,85417.26,frank.smith@example.com,6580741208,Good,True,Finance,Nevada,Valid,Needs Verification
88,EMP1088,Grace,Brown,40.0,Cloud Tech-Florida,Inactive,7/25/2023,112410.25,grace.brown@example.com,4818139889,Good,True,Cloud Tech,Florida,Valid,Needs Verification
89,EMP1089,Charlie,Johnson,40.0,Admin-Nevada,Pending,8/25/2023,68905.77,charlie.johnson@example.com,9837801819,Average,False,Admin,Nevada,Valid,Needs Verification
90,EMP1090,Heidi,Garcia,40.0,Finance-Nevada,Pending,7/3/2021,72561.32,heidi.garcia@example.com,4339718955,Excellent,True,Finance,Nevada,Valid,Needs Verification
91,EMP1091,Bob,Brown,35.0,Finance-New York,Inactive,3/13/2023,92723.22,bob.brown@example.com,9070562607,Excellent,True,Finance,New York,Valid,Needs Verification
92,EMP1092,Alice,Johnson,40.0,HR-New York,Inactive,3/10/2021,74837.75,alice.johnson@example.com,5641118241,Poor,False,HR,New York,Valid,Needs Verification
93,EMP1093,Eva,Miller,30.0,DevOps-California,Pending,1/21/2020,86163.91,eva.miller@example.com,2412462094,Average,True,DevOps,California,Valid,Needs Verification
94,EMP1094,David,Miller,40.0,Finance-Illinois,Active,11/15/2023,83326.52,david.miller@example.com,2004615264,Average,True,Finance,Illinois,Valid,Needs Verification
95,EMP1095,Heidi,Miller,25.0,Cloud Tech-California,Active,4/8/2022,98425.1,heidi.miller@example.com,4610339936,Average,True,Cloud Tech,California,Valid,Needs Verification
96,EMP1096,Frank,Johnson,40.0,Sales-Illinois,Inactive,5/21/2022,119764.2,frank.johnson@example.com,8861405785,Average,False,Sales,Illinois,Valid,Needs Verification
97,EMP1097,Frank,Brown,40.0,HR-California,Inactive,4/17/2021,58445.91,frank.brown@example.com,1706304890,Excellent,False,HR,California,Valid,Needs Verification
98,EMP1098,Bob,Miller,30.0,DevOps-New York,Active,3/19/2021,101702.33,bob.miller@example.com,3824967182,Excellent,False,DevOps,New York,Valid,Needs Verification
99,EMP1099,Eva,Jones,25.0,Admin-California,Active,1/9/2022,85547.87,eva.jones@example.com,2582386869,Good,False,Admin,California,Valid,Needs Verification
100,EMP1100,Charlie,Davis,35.0,Cloud Tech-Texas,Pending,8/21/2021,98819.22,charlie.davis@example.com,,Good,False,Cloud Tech,Texas,Invalid,Needs Verification
101,EMP1101,Heidi,Johnson,25.0,Cloud Tech-Illinois,Inactive,8/19/2022,83509.99,heidi.johnson@example.com,4653984027,Average,False,Cloud Tech,Illinois,Valid,Needs Verification
102,EMP1102,Alice,Johnson,35.0,Finance-Texas,Active,3/31/2022,84422.26,alice.johnson@example.com,9141612845,Average,False,Finance,Texas,Valid,Needs Verification
103,EMP1103,Alice,Brown,30.0,Admin-Illinois,Inactive,6/23/2020,119574.27,alice.brown@example.com,3985547434,Average,True,Admin,Illinois,Valid,Needs Verification
104,EMP1104,Grace,Johnson,30.0,Sales-Illinois,Active,5/7/2024,86580.08,grace.johnson@example.com,5379502096,Good,True,Sales,Illinois,Valid,Needs Verification
105,EMP1105,Heidi,Johnson,35.0,Sales-Florida,Inactive,3/10/2023,93471.91,heidi.johnson@example.com,,Poor,False,Sales,Florida,Invalid,Needs Verification
106,EMP1106,Bob,Miller,30.0,DevOps-New York,Inactive,9/14/2023,55683.12,bob.miller@example.com,8071569561,Poor,True,DevOps,New York,Valid,Needs Verification
107,EMP1107,Bob,Brown,30.0,Cloud Tech-Florida,Inactive,11/12/2023,91566.78,bob.brown@example.com,,Good,True,Cloud Tech,Florida,Invalid,Needs Verification
108,EMP1108,David,Miller,35.0,DevOps-California,Pending,10/26/2024,81782.19,david.miller@example.com,5319433749,Good,False,DevOps,California,Valid,Needs Verification
109,EMP1109,Eva,Davis,30.0,DevOps-New York,Inactive,8/23/2020,88119.37,eva.davis@example.com,4793036148,Good,True,DevOps,New York,Valid,Needs Verification
110,EMP1110,Eva,Garcia,30.0,Cloud Tech-Texas,Active,6/11/2024,71532.83,eva.garcia@example.com,8728399920,Good,True,Cloud Tech,Texas,Valid,Needs Verification
111,EMP1111,Eva,Davis,40.0,Cloud Tech-Florida,Pending,9/14/2021,98981.36,eva.davis@example.com,9212493842,Good,True,Cloud Tech,Florida,Valid,Needs Verification
112,EMP1112,Heidi,Garcia,40.0,Cloud Tech-Illinois,Active,12/26/2024,80242.01,heidi.garcia@example.com,,Good,True,Cloud Tech,Illinois,Invalid,Needs Verification
113,EMP1113,Eva,Miller,25.0,Cloud Tech-New York,Pending,9/8/2024,110236.18,eva.miller@example.com,6641877579,Average,True,Cloud Tech,New York,Valid,Needs Verification
114,EMP1114,Alice,Davis,35.0,Sales-Texas,Active,8/21/2022,86327.47,alice.davis@example.com,3046875062,Average,False,Sales,Texas,Valid,Needs Verification
115,EMP1115,Eva,Brown,30.0,Sales-Florida,Pending,7/25/2024,84420.81,eva.brown@example.com,5190361331,Average,False,Sales,Florida,Valid,Needs Verification
116,EMP1116,Frank,Smith,40.0,HR-California,Pending,8/2/2020,110041.32,frank.smith@example.com,5411076094,Average,False,HR,California,Valid,Needs Verification
117,EMP1117,Heidi,Miller,35.0,DevOps-Florida,Pending,3/16/2020,81837.81,heidi.miller@example.com,4317350582,Good,True,DevOps,Florida,Valid,Needs Verification
118,EMP1118,Frank,Garcia,25.0,Finance-Illinois,Active,9/8/2023,110855.72,frank.garcia@example.com,1997179109,Poor,False,Finance,Illinois,Valid,Needs Verification
119,EMP1119,Alice,Jones,30.0,Sales-California,Pending,3/29/2024,84894.52,alice.jones@example.com,,Excellent,True,Sales,California,Invalid,Needs Verification
120,EMP1120,Alice,Garcia,30.0,HR-Illinois,Active,8/12/2021,80668.13,alice.garcia@example.com,6110804660,Good,True,HR,Illinois,Valid,Needs Verification
121,EMP1121,Bob,Jones,25.0,DevOps-Illinois,Active,12/24/2023,61086.47,bob.jones@example.com,9639907675,Excellent,True,DevOps,Illinois,Valid,Needs Verification
122,EMP1122,Grace,Johnson,25.0,Admin-Texas,Inactive,8/28/2020,95339.68,grace.johnson@example.com,9915078592,Poor,True,Admin,Texas,Valid,Needs Verification
123,EMP1123,Eva,Davis,30.0,DevOps-California,Inactive,9/5/2024,83774.97,eva.davis@example.com,1109193927,Average,False,DevOps,California,Valid,Needs Verification
124,EMP1124,Heidi,Jones,30.0,Admin-Florida,Active,5/12/2023,85576.86,heidi.jones@example.com,4567972319,Poor,False,Admin,Florida,Valid,Needs Verification
125,EMP1125,Bob,Garcia,35.0,Finance-California,Pending,7/1/2021,107438.46,bob.garcia@example.com,,Good,True,Finance,California,Invalid,Needs Verification
126,EMP1126,Eva,Johnson,30.0,Sales-Nevada,Inactive,11/7/2024,60401.68,eva.johnson@example.com,2274954507,Average,False,Sales,Nevada,Valid,Needs Verification
127,EMP1127,Frank,Smith,35.0,Sales-Illinois,Inactive,7/21/2022,115299.66,frank.smith@example.com,9203880652,Good,True,Sales,Illinois,Valid,Needs Verification
128,EMP1128,David,Brown,30.0,Finance-New York,Inactive,3/30/2020,72272.34,david.brown@example.com,3315377958,Average,False,Finance,New York,Valid,Needs Verification
129,EMP1129,Grace,Brown,40.0,DevOps-Nevada,Active,10/11/2022,117537.71,grace.brown@example.com,9594652169,Excellent,False,DevOps,Nevada,Valid,Needs Verification
130,EMP1130,Frank,Brown,25.0,Finance-Texas,Pending,7/24/2022,51074.33,frank.brown@example.com,7303379336,Excellent,True,Finance,Texas,Valid,Needs Verification
131,EMP1131,Charlie,Jones,25.0,Finance-California,Inactive,6/30/2023,98489.32,charlie.jones@example.com,5636205014,Excellent,False,Finance,California,Valid,Needs Verification
132,EMP1132,Frank,Smith,30.0,Finance-California,Pending,1/11/2024,112120.71,frank.smith@example.com,,Poor,True,Finance,California,Invalid,Needs Verification
133,EMP1133,Alice,Jones,30.0,Cloud Tech-New York,Pending,11/2/2023,114465.04,alice.jones@example.com,,Good,False,Cloud Tech,New York,Invalid,Needs Verification
134,EMP1134,Bob,Davis,40.0,Cloud Tech-Nevada,Pending,11/22/2024,57035.51,bob.davis@example.com,3230241025,Poor,True,Cloud Tech,Nevada,Valid,Needs Verification
135,EMP1135,Eva,Jones,25.0,Cloud Tech-California,Active,8/23/2021,75092.43,eva.jones@example.com,1534735527,Excellent,True,Cloud Tech,California,Valid,Needs Verification
136,EMP1136,David,Smith,30.0,Finance-Illinois,Pending,6/11/2024,62603.98,david.smith@example.com,9611223385,Good,False,Finance,Illinois,Valid,Needs Verification
137,EMP1137,Grace,Smith,30.0,DevOps-New York,Inactive,4/9/2023,60018.24,grace.smith@example.com,5596309937,Excellent,False,DevOps,New York,Valid,Needs Verification
138,EMP1138,Eva,Davis,40.0,HR-Nevada,Active,7/5/2024,82567.73,eva.davis@example.com,4253042896,Poor,True,HR,Nevada,Valid,Needs Verification
139,EMP1139,Charlie,Smith,25.0,Finance-California,Pending,9/4/2021,94725.71,charlie.smith@example.com,3179128684,Poor,False,Finance,California,Valid,Needs Verification
140,EMP1140,Eva,Garcia,40.0,HR-New York,Inactive,10/13/2024,83824.56,eva.garcia@example.com,7872558776,Poor,False,HR,New York,Valid,Needs Verification
141,EMP1141,Frank,Smith,30.0,HR-Nevada,Inactive,2/14/2020,118456.11,frank.smith@example.com,4969033372,Excellent,True,HR,Nevada,Valid,Needs Verification
142,EMP1142,Eva,Brown,25.0,Sales-Nevada,Pending,4/10/2020,113743.19,eva.brown@example.com,6346692547,Good,True,Sales,Nevada,Valid,Needs Verification
143,EMP1143,Eva,Garcia,30.0,Sales-California,Active,7/27/2023,63309.24,eva.garcia@example.com,1214785389,Good,False,Sales,California,Valid,Needs Verification
144,EMP1144,Charlie,Garcia,25.0,DevOps-Nevada,Active,9/24/2021,105202.73,charlie.garcia@example.com,7895677664,Excellent,True,DevOps,Nevada,Valid,Needs Verification
145,EMP1145,Frank,Davis,30.0,Cloud Tech-California,Inactive,3/10/2024,79085.22,frank.davis@example.com,7546027340,Good,True,Cloud Tech,California,Valid,Needs Verification
146,EMP1146,Frank,Williams,30.0,Sales-California,Active,6/10/2021,113983.43,frank.williams@example.com,5148881430,Excellent,True,Sales,California,Valid,Needs Verification
147,EMP1147,Eva,Williams,35.0,Cloud Tech-Florida,Active,10/15/2020,102790.6,eva.williams@example.com,1150835353,Good,False,Cloud Tech,Florida,Valid,Needs Verification
148,EMP1148,Grace,Smith,30.0,HR-Texas,Inactive,1/29/2020,68512.1,grace.smith@example.com,4439284043,Average,False,HR,Texas,Valid,Needs Verification
149,EMP1149,Frank,Garcia,35.0,Sales-Florida,Pending,1/30/2022,57584.23,frank.garcia@example.com,5669078262,Average,True,Sales,Florida,Valid,Needs Verification
150,EMP1150,Alice,Williams,30.0,Sales-California,Pending,3/29/2021,95335.67,alice.williams@example.com,3373898774,Poor,False,Sales,California,Valid,Needs Verification
151,EMP1151,Heidi,Williams,35.0,DevOps-Florida,Active,10/13/2020,53174.28,heidi.williams@example.com,1536637779,Average,True,DevOps,Florida,Valid,Needs Verification
152,EMP1152,Heidi,Smith,25.0,Cloud Tech-New York,Pending,10/4/2020,77205.21,heidi.smith@example.com,5292407552,Average,False,Cloud Tech,New York,Valid,Needs Verification
153,EMP1153,Grace,Williams,30.0,DevOps-Nevada,Active,12/18/2024,79041.92,grace.williams@example.com,6668459089,Average,True,DevOps,Nevada,Valid,Needs Verification
154,EMP1154,Heidi,Jones,30.0,Finance-California,Active,11/14/2023,75937.1,heidi.jones@example.com,2259999662,Excellent,True,Finance,California,Valid,Needs Verification
155,EMP1155,David,Johnson,35.0,Cloud Tech-Nevada,Inactive,1/20/2023,113118.73,david.johnson@example.com,6186371596,Average,False,Cloud Tech,Nevada,Valid,Needs Verification
156,EMP1156,Alice,Davis,40.0,HR-New York,Active,10/2/2024,107693.38,alice.davis@example.com,4121820969,Average,True,HR,New York,Valid,Needs Verification
157,EMP1157,David,Johnson,30.0,Cloud Tech-Texas,Inactive,5/13/2021,119217.46,david.johnson@example.com,2316433480,Poor,False,Cloud Tech,Texas,Valid,Needs Verification
158,EMP1158,David,Smith,25.0,Sales-New York,Pending,3/18/2021,106913.71,david.smith@example.com,7058025661,Average,False,Sales,New York,Valid,Needs Verification
159,EMP1159,Charlie,Brown,30.0,Cloud Tech-California,Active,9/23/2020,87815.08,charlie.brown@example.com,1286716322,Average,True,Cloud Tech,California,Valid,Needs Verification
160,EMP1160,Bob,Davis,25.0,Admin-Texas,Inactive,6/5/2024,105190.21,bob.davis@example.com,4672994937,Good,True,Admin,Texas,Valid,Needs Verification
161,EMP1161,Alice,Smith,30.0,HR-Texas,Active,2/28/2024,79467.24,alice.smith@example.com,7430271692,Poor,False,HR,Texas,Valid,Needs Verification
162,EMP1162,Bob,Garcia,40.0,Finance-California,Pending,4/30/2023,57633.78,bob.garcia@example.com,8597779013,Poor,True,Finance,California,Valid,Needs Verification
163,EMP1163,Alice,Brown,30.0,HR-Florida,Pending,3/4/2020,54257.78,alice.brown@example.com,7546926328,Poor,True,HR,Florida,Valid,Needs Verification
164,EMP1164,Grace,Johnson,40.0,DevOps-Texas,Inactive,12/29/2023,113679.06,grace.johnson@example.com,6762916031,Poor,True,DevOps,Texas,Valid,Needs Verification
165,EMP1165,Bob,Smith,35.0,Sales-New York,Active,9/15/2020,69251.12,bob.smith@example.com,4841376814,Poor,True,Sales,New York,Valid,Needs Verification
166,EMP1166,Frank,Garcia,40.0,Sales-Illinois,Inactive,7/18/2022,85388.58,frank.garcia@example.com,1185672437,Poor,True,Sales,Illinois,Valid,Needs Verification
167,EMP1167,Bob,Davis,30.0,DevOps-New York,Inactive,7/13/2022,112166.37,bob.davis@example.com,,Excellent,False,DevOps,New York,Invalid,Needs Verification
168,EMP1168,Heidi,Davis,40.0,Finance-Nevada,Active,10/2/2021,79873.48,heidi.davis@example.com,,Average,False,Finance,Nevada,Invalid,Needs Verification
169,EMP1169,Frank,Miller,30.0,DevOps-Florida,Active,7/5/2020,108224.03,frank.miller@example.com,1837274219,Poor,True,DevOps,Florida,Valid,Needs Verification
170,EMP1170,Bob,Garcia,35.0,Admin-Illinois,Active,4/16/2023,116963.72,bob.garcia@example.com,9124186209,Average,True,Admin,Illinois,Valid,Needs Verification
171,EMP1171,Bob,Jones,40.0,HR-Nevada,Inactive,11/12/2024,114109.06,bob.jones@example.com,4275230836,Average,True,HR,Nevada,Valid,Needs Verification
172,EMP1172,Eva,Williams,30.0,HR-California,Active,3/29/2023,85518.88,eva.williams@example.com,,Excellent,False,HR,California,Invalid,Needs Verification
173,EMP1173,Heidi,Brown,30.0,Cloud Tech-California,Pending,1/22/2022,58041.97,heidi.brown@example.com,6335331059,Poor,True,Cloud Tech,California,Valid,Needs Verification
174,EMP1174,David,Garcia,40.0,Sales-Illinois,Pending,10/14/2023,94988.94,david.garcia@example.com,,Good,False,Sales,Illinois,Invalid,Needs Verification
175,EMP1175,Eva,Miller,25.0,Admin-California,Pending,4/10/2024,71628.93,eva.miller@example.com,8155839385,Excellent,False,Admin,California,Valid,Needs Verification
176,EMP1176,Alice,Williams,30.0,Admin-Illinois,Pending,3/31/2022,54870.98,alice.williams@example.com,6133155205,Good,False,Admin,Illinois,Valid,Needs Verification
177,EMP1177,Alice,Williams,25.0,DevOps-Illinois,Active,2/9/2022,79388.27,alice.williams@example.com,5063731494,Average,True,DevOps,Illinois,Valid,Needs Verification
178,EMP1178,Frank,Smith,35.0,DevOps-California,Pending,5/6/2023,55946.99,frank.smith@example.com,,Average,False,DevOps,California,Invalid,Needs Verification
179,EMP1179,Charlie,Williams,30.0,Cloud Tech-Nevada,Active,7/11/2021,81017.91,charlie.williams@example.com,2419562524,Excellent,True,Cloud Tech,Nevada,Valid,Needs Verification
180,EMP1180,Heidi,Jones,40.0,HR-New York,Pending,8/21/2020,74162.1,heidi.jones@example.com,7150997682,Excellent,False,HR,New York,Valid,Needs Verification
181,EMP1181,Heidi,Davis,30.0,DevOps-California,Active,3/27/2021,77668.44,heidi.davis@example.com,8903091435,Good,True,DevOps,California,Valid,Needs Verification
182,EMP1182,Alice,Miller,30.0,HR-New York,Active,4/14/2024,67886.37,alice.miller@example.com,3910257431,Poor,False,HR,New York,Valid,Needs Verification
183,EMP1183,Alice,Williams,40.0,DevOps-Florida,Active,9/21/2020,76614.52,alice.williams@example.com,6303975244,Good,True,DevOps,Florida,Valid,Needs Verification
184,EMP1184,Frank,Smith,25.0,Finance-Nevada,Active,6/12/2022,51311.91,frank.smith@example.com,,Excellent,False,Finance,Nevada,Invalid,Needs Verification
185,EMP1185,Frank,Jones,30.0,Finance-Illinois,Inactive,12/24/2023,94809.92,frank.jones@example.com,8033968526,Good,True,Finance,Illinois,Valid,Needs Verification
186,EMP1186,Grace,Johnson,25.0,HR-New York,Pending,7/31/2022,108241.81,grace.johnson@example.com,,Excellent,True,HR,New York,Invalid,Needs Verification
187,EMP1187,Bob,Davis,40.0,Cloud Tech-New York,Inactive,4/21/2023,78031.49,bob.davis@example.com,2983381673,Good,True,Cloud Tech,New York,Valid,Needs Verification
188,EMP1188,Eva,Davis,35.0,Admin-California,Active,6/5/2020,85733.83,eva.davis@example.com,2336293448,Excellent,True,Admin,California,Valid,Needs Verification
189,EMP1189,David,Miller,35.0,HR-Nevada,Pending,7/27/2024,60338.29,david.miller@example.com,7347156626,Excellent,False,HR,Nevada,Valid,Needs Verification
190,EMP1190,Eva,Davis,30.0,Admin-Illinois,Active,4/5/2024,103140.67,eva.davis@example.com,7689627065,Excellent,False,Admin,Illinois,Valid,Needs Verification
191,EMP1191,Heidi,Williams,40.0,Sales-Illinois,Inactive,10/26/2023,114690.8,heidi.williams@example.com,1498282466,Poor,True,Sales,Illinois,Valid,Needs Verification
192,EMP1192,Frank,Smith,35.0,Admin-Florida,Active,8/18/2022,80954.56,frank.smith@example.com,4746897151,Good,False,Admin,Florida,Valid,Needs Verification
193,EMP1193,Eva,Davis,30.0,Cloud Tech-California,Pending,5/31/2020,71728.55,eva.davis@example.com,7323008575,Good,True,Cloud Tech,California,Valid,Needs Verification
194,EMP1194,Alice,Davis,35.0,HR-Texas,Pending,11/4/2024,118415.8,alice.davis@example.com,6656749159,Good,True,HR,Texas,Valid,Needs Verification
195,EMP1195,Grace,Johnson,40.0,Sales-Illinois,Pending,3/25/2020,81481.36,grace.johnson@example.com,1692364586,Excellent,False,Sales,Illinois,Valid,Needs Verification
196,EMP1196,David,Johnson,35.0,Sales-Florida,Pending,11/4/2020,117040.57,david.johnson@example.com,5066337049,Good,True,Sales,Florida,Valid,Needs Verification
197,EMP1197,Frank,Brown,25.0,Sales-Nevada,Active,3/21/2020,67342.06,frank.brown@example.com,2497243991,Good,True,Sales,Nevada,Valid,Needs Verification
198,EMP1198,Heidi,Jones,30.0,Sales-Illinois,Active,1/15/2022,76099.64,heidi.jones@example.com,,Excellent,False,Sales,Illinois,Invalid,Needs Verification
199,EMP1199,Grace,Williams,35.0,DevOps-Illinois,Active,6/4/2024,94162.06,grace.williams@example.com,2644886945,Average,True,DevOps,Illinois,Valid,Needs Verification
200,EMP1200,Frank,Davis,25.0,Sales-Nevada,Inactive,8/4/2021,67639.7,frank.davis@example.com,1195243639,Excellent,True,Sales,Nevada,Valid,Needs Verification
201,EMP1201,Charlie,Garcia,35.0,Cloud Tech-Illinois,Pending,10/16/2020,114172.25,charlie.garcia@example.com,2701168645,Good,True,Cloud Tech,Illinois,Valid,Needs Verification
202,EMP1202,Grace,Davis,30.0,Sales-Nevada,Active,9/26/2021,89124.54,grace.davis@example.com,2252237280,Excellent,True,Sales,Nevada,Valid,Needs Verification
203,EMP1203,Frank,Smith,30.0,DevOps-Nevada,Pending,11/4/2023,113871.36,frank.smith@example.com,7932302345,Average,False,DevOps,Nevada,Valid,Needs Verification
204,EMP1204,Grace,Brown,30.0,HR-Texas,Inactive,9/24/2021,62618.4,grace.brown@example.com,7912141613,Excellent,False,HR,Texas,Valid,Needs Verification
205,EMP1205,Heidi,Jones,30.0,Admin-New York,Active,6/7/2020,70705.45,heidi.jones@example.com,1509377099,Good,False,Admin,New York,Valid,Needs Verification
206,EMP1206,Alice,Garcia,35.0,Sales-New York,Pending,2/10/2022,60797.69,alice.garcia@example.com,4090138068,Average,True,Sales,New York,Valid,Needs Verification
207,EMP1207,Charlie,Brown,40.0,Cloud Tech-Florida,Inactive,10/17/2023,100371.0,charlie.brown@example.com,8477596554,Poor,True,Cloud Tech,Florida,Valid,Needs Verification
208,EMP1208,Eva,Miller,40.0,Admin-Illinois,Active,9/25/2021,117591.76,eva.miller@example.com,5356690550,Good,False,Admin,Illinois,Valid,Needs Verification
209,EMP1209,David,Jones,35.0,DevOps-Illinois,Inactive,8/3/2022,103860.7,david.jones@example.com,,Average,True,DevOps,Illinois,Invalid,Needs Verification
210,EMP1210,Grace,Davis,30.0,Admin-Illinois,Active,11/22/2024,67500.22,grace.davis@example.com,5797863049,Average,True,Admin,Illinois,Valid,Needs Verification
211,EMP1211,Frank,Davis,30.0,Cloud Tech-Nevada,Pending,10/9/2024,58727.44,frank.davis@example.com,5057397690,Poor,True,Cloud Tech,Nevada,Valid,Needs Verification
212,EMP1212,Charlie,Jones,35.0,Finance-Illinois,Active,8/28/2024,80623.08,charlie.jones@example.com,5671649327,Excellent,True,Finance,Illinois,Valid,Needs Verification
213,EMP1213,David,Davis,40.0,HR-Texas,Inactive,4/19/2020,77751.78,david.davis@example.com,9802714871,Excellent,False,HR,Texas,Valid,Needs Verification
214,EMP1214,Grace,Williams,25.0,HR-New York,Active,10/14/2021,115157.81,grace.williams@example.com,7178333210,Good,False,HR,New York,Valid,Needs Verification
215,EMP1215,Frank,Jones,30.0,Admin-Texas,Inactive,8/26/2024,83071.85,frank.jones@example.com,6025643470,Poor,False,Admin,Texas,Valid,Needs Verification
216,EMP1216,Heidi,Brown,40.0,Sales-Texas,Active,2/8/2020,67914.67,heidi.brown@example.com,2871539914,Excellent,True,Sales,Texas,Valid,Needs Verification
217,EMP1217,Grace,Jones,25.0,HR-New York,Inactive,9/6/2020,53342.46,grace.jones@example.com,6686334140,Poor,False,HR,New York,Valid,Needs Verification
218,EMP1218,Heidi,Garcia,25.0,Cloud Tech-Florida,Pending,1/2/2023,51150.47,heidi.garcia@example.com,1159319524,Excellent,False,Cloud Tech,Florida,Valid,Needs Verification
219,EMP1219,David,Davis,30.0,HR-Florida,Active,6/13/2023,74697.12,david.davis@example.com,6904098365,Average,True,HR,Florida,Valid,Needs Verification
220,EMP1220,Charlie,Williams,25.0,Sales-California,Active,12/13/2022,88085.74,charlie.williams@example.com,5528993159,Excellent,True,Sales,California,Valid,Needs Verification
221,EMP1221,Alice,Williams,40.0,Finance-Texas,Pending,3/3/2022,118672.76,alice.williams@example.com,8752437728,Poor,False,Finance,Texas,Valid,Needs Verification
222,EMP1222,Alice,Miller,35.0,Cloud Tech-California,Active,2/10/2024,95997.31,alice.miller@example.com,4209548148,Average,False,Cloud Tech,California,Valid,Needs Verification
223,EMP1223,Frank,Brown,30.0,Cloud Tech-California,Pending,11/24/2021,106945.62,frank.brown@example.com,7374605232,Average,False,Cloud Tech,California,Valid,Needs Verification
224,EMP1224,Heidi,Johnson,40.0,DevOps-New York,Active,5/9/2020,100123.15,heidi.johnson@example.com,,Average,False,DevOps,New York,Invalid,Needs Verification
225,EMP1225,Alice,Johnson,35.0,Admin-Texas,Active,12/19/2024,52933.42,alice.johnson@example.com,6756618442,Poor,True,Admin,Texas,Valid,Needs Verification
226,EMP1226,Grace,Jones,30.0,Finance-California,Active,3/22/2024,95283.03,grace.jones@example.com,8612590471,Good,False,Finance,California,Valid,Needs Verification
227,EMP1227,Alice,Miller,35.0,HR-Texas,Inactive,6/13/2022,112264.06,alice.miller@example.com,9277423329,Good,False,HR,Texas,Valid,Needs Verification
228,EMP1228,Grace,Smith,35.0,Admin-Florida,Pending,10/15/2022,75714.28,grace.smith@example.com,5912662014,Good,True,Admin,Florida,Valid,Needs Verification
229,EMP1229,Eva,Jones,25.0,DevOps-Florida,Active,5/31/2022,92171.73,eva.jones@example.com,7201859625,Poor,False,DevOps,Florida,Valid,Needs Verification
230,EMP1230,Eva,Miller,35.0,Cloud Tech-Texas,Inactive,9/15/2023,70694.8,eva.miller@example.com,3013674925,Average,True,Cloud Tech,Texas,Valid,Needs Verification
231,EMP1231,Grace,Brown,30.0,DevOps-Florida,Inactive,7/4/2022,52964.86,grace.brown@example.com,1764750110,Good,True,DevOps,Florida,Valid,Needs Verification
232,EMP1232,Frank,Brown,30.0,Finance-California,Pending,6/8/2024,116353.31,frank.brown@example.com,1783099973,Poor,True,Finance,California,Valid,Needs Verification
233,EMP1233,Grace,Brown,35.0,Sales-Nevada,Pending,11/23/2020,116695.26,grace.brown@example.com,1926764920,Good,False,Sales,Nevada,Valid,Needs Verification
234,EMP1234,Heidi,Brown,25.0,Admin-Texas,Active,5/13/2024,95161.4,heidi.brown@example.com,5182606887,Excellent,False,Admin,Texas,Valid,Needs Verification
235,EMP1235,Alice,Brown,30.0,Admin-Nevada,Inactive,1/29/2022,76040.94,alice.brown@example.com,7189813128,Good,True,Admin,Nevada,Valid,Needs Verification
236,EMP1236,Charlie,Miller,30.0,HR-Florida,Inactive,8/23/2023,69508.28,charlie.miller@example.com,2087510292,Good,False,HR,Florida,Valid,Needs Verification
237,EMP1237,Alice,Miller,30.0,Finance-Illinois,Inactive,2/24/2023,58243.27,alice.miller@example.com,2184011844,Average,False,Finance,Illinois,Valid,Needs Verification
238,EMP1238,Heidi,Williams,30.0,Sales-California,Pending,10/2/2022,64012.48,heidi.williams@example.com,8260340847,Poor,True,Sales,California,Valid,Needs Verification
239,EMP1239,Bob,Garcia,40.0,Admin-Nevada,Inactive,6/28/2020,106735.93,bob.garcia@example.com,7297585987,Average,True,Admin,Nevada,Valid,Needs Verification
240,EMP1240,Frank,Johnson,35.0,DevOps-Texas,Pending,1/15/2023,70325.36,frank.johnson@example.com,3103032431,Average,False,DevOps,Texas,Valid,Needs Verification
241,EMP1241,Charlie,Davis,30.0,HR-Illinois,Active,9/5/2020,118959.28,charlie.davis@example.com,9839542960,Average,True,HR,Illinois,Valid,Needs Verification
242,EMP1242,David,Brown,40.0,Cloud Tech-California,Pending,3/18/2023,75823.78,david.brown@example.com,8446267145,Average,False,Cloud Tech,California,Valid,Needs Verification
243,EMP1243,Charlie,Smith,30.0,Cloud Tech-Texas,Inactive,3/26/2022,119971.65,charlie.smith@example.com,2831435988,Average,False,Cloud Tech,Texas,Valid,Needs Verification
244,EMP1244,Grace,Davis,40.0,Sales-Texas,Active,10/11/2021,94963.7,grace.davis@example.com,2625660930,Good,False,Sales,Texas,Valid,Needs Verification
245,EMP1245,Frank,Miller,30.0,Sales-Nevada,Pending,1/7/2021,103744.71,frank.miller@example.com,4181861514,Average,False,Sales,Nevada,Valid,Needs Verification
246,EMP1246,Alice,Smith,25.0,Sales-New York,Inactive,12/3/2020,61337.69,alice.smith@example.com,5423401635,Average,True,Sales,New York,Valid,Needs Verification
247,EMP1247,David,Smith,35.0,Sales-California,Active,5/28/2021,63741.13,david.smith@example.com,1128497184,Poor,True,Sales,California,Valid,Needs Verification
248,EMP1248,Eva,Smith,30.0,DevOps-California,Pending,12/28/2022,56539.99,eva.smith@example.com,9484910255,Excellent,True,DevOps,California,Valid,Needs Verification
249,EMP1249,Charlie,Williams,30.0,DevOps-Illinois,Pending,5/24/2023,73633.37,charlie.williams@example.com,2588967923,Good,True,DevOps,Illinois,Valid,Needs Verification
250,EMP1250,Alice,Miller,25.0,Cloud Tech-Texas,Pending,4/28/2024,90373.99,alice.miller@example.com,,Good,False,Cloud Tech,Texas,Invalid,Needs Verification
251,EMP1251,Grace,Smith,30.0,DevOps-Texas,Inactive,12/25/2024,93901.48,grace.smith@example.com,3967275783,Good,False,DevOps,Texas,Valid,Needs Verification
252,EMP1252,Eva,Brown,40.0,Admin-Nevada,Inactive,9/1/2021,81748.09,eva.brown@example.com,4683414650,Average,True,Admin,Nevada,Valid,Needs Verification
253,EMP1253,Charlie,Jones,40.0,Finance-Florida,Inactive,2/21/2021,73813.48,charlie.jones@example.com,1131290147,Average,False,Finance,Florida,Valid,Needs Verification
254,EMP1254,Frank,Smith,35.0,Finance-New York,Inactive,11/20/2022,89315.59,frank.smith@example.com,7068277880,Average,False,Finance,New York,Valid,Needs Verification
255,EMP1255,Heidi,Williams,25.0,HR-Florida,Active,10/15/2020,56776.82,heidi.williams@example.com,6093068537,Poor,False,HR,Florida,Valid,Needs Verification
256,EMP1256,Grace,Davis,30.0,Finance-New York,Active,7/24/2024,72920.51,grace.davis@example.com,9097283214,Excellent,True,Finance,New York,Valid,Needs Verification
257,EMP1257,Frank,Miller,30.0,Admin-Florida,Pending,8/14/2022,84913.18,frank.miller@example.com,2850676250,Average,True,Admin,Florida,Valid,Needs Verification
258,EMP1258,Alice,Garcia,25.0,Finance-Illinois,Inactive,5/8/2021,65060.11,alice.garcia@example.com,5381447442,Excellent,True,Finance,Illinois,Valid,Needs Verification
259,EMP1259,Alice,Williams,35.0,Finance-Illinois,Pending,10/9/2023,82941.08,alice.williams@example.com,,Poor,False,Finance,Illinois,Invalid,Needs Verification
260,EMP1260,Bob,Smith,40.0,Admin-California,Pending,1/19/2022,103469.97,bob.smith@example.com,,Good,True,Admin,California,Invalid,Needs Verification
261,EMP1261,Grace,Miller,25.0,Sales-Illinois,Active,1/12/2022,88725.6,grace.miller@example.com,5265016730,Average,True,Sales,Illinois,Valid,Needs Verification
262,EMP1262,Heidi,Jones,30.0,HR-Illinois,Pending,6/5/2023,58316.77,heidi.jones@example.com,8826170242,Excellent,True,HR,Illinois,Valid,Needs Verification
263,EMP1263,Grace,Smith,35.0,HR-Illinois,Inactive,3/26/2024,60098.72,grace.smith@example.com,7654562840,Excellent,True,HR,Illinois,Valid,Needs Verification
264,EMP1264,Grace,Williams,30.0,Cloud Tech-Texas,Active,10/7/2020,99951.43,grace.williams@example.com,7722560530,Average,True,Cloud Tech,Texas,Valid,Needs Verification
265,EMP1265,Heidi,Johnson,30.0,Sales-Illinois,Active,11/2/2021,115195.81,heidi.johnson@example.com,3402665022,Good,True,Sales,Illinois,Valid,Needs Verification
266,EMP1266,Grace,Brown,30.0,DevOps-California,Pending,11/19/2021,85512.05,grace.brown@example.com,7416787255,Good,False,DevOps,California,Valid,Needs Verification
267,EMP1267,Heidi,Garcia,30.0,HR-Florida,Active,1/24/2022,73186.77,heidi.garcia@example.com,8621102257,Good,False,HR,Florida,Valid,Needs Verification
268,EMP1268,Grace,Davis,30.0,HR-Nevada,Pending,7/12/2023,51865.3,grace.davis@example.com,,Poor,True,HR,Nevada,Invalid,Needs Verification
269,EMP1269,David,Williams,25.0,Sales-Florida,Active,12/9/2022,94031.77,david.williams@example.com,4716392822,Excellent,True,Sales,Florida,Valid,Needs Verification
270,EMP1270,Grace,Miller,30.0,DevOps-New York,Active,3/18/2023,116374.36,grace.miller@example.com,4143637188,Excellent,False,DevOps,New York,Valid,Needs Verification
271,EMP1271,Alice,Garcia,40.0,HR-Florida,Active,4/25/2022,98335.02,alice.garcia@example.com,2392312603,Excellent,False,HR,Florida,Valid,Needs Verification
272,EMP1272,Heidi,Garcia,25.0,DevOps-New York,Pending,2/28/2021,89262.07,heidi.garcia@example.com,3260931065,Poor,True,DevOps,New York,Valid,Needs Verification
273,EMP1273,Heidi,Garcia,30.0,Finance-California,Active,7/30/2022,113848.69,heidi.garcia@example.com,8433567085,Excellent,True,Finance,California,Valid,Needs Verification
274,EMP1274,Frank,Smith,35.0,Sales-Florida,Active,5/19/2021,69530.45,frank.smith@example.com,,Poor,True,Sales,Florida,Invalid,Needs Verification
275,EMP1275,Eva,Brown,35.0,DevOps-New York,Pending,12/14/2023,84230.22,eva.brown@example.com,,Good,True,DevOps,New York,Invalid,Needs Verification
276,EMP1276,Eva,Smith,35.0,Cloud Tech-Illinois,Pending,1/17/2023,76578.59,eva.smith@example.com,9162475540,Average,False,Cloud Tech,Illinois,Valid,Needs Verification
277,EMP1277,Frank,Miller,30.0,HR-Texas,Inactive,1/2/2024,55532.06,frank.miller@example.com,1082555988,Excellent,True,HR,Texas,Valid,Needs Verification
278,EMP1278,Eva,Smith,40.0,Admin-New York,Pending,7/9/2021,115311.68,eva.smith@example.com,5343961128,Excellent,True,Admin,New York,Valid,Needs Verification
279,EMP1279,Charlie,Johnson,25.0,Sales-Nevada,Pending,5/5/2021,66972.06,charlie.johnson@example.com,1093371188,Good,True,Sales,Nevada,Valid,Needs Verification
280,EMP1280,David,Brown,30.0,Cloud Tech-Texas,Inactive,11/7/2021,100215.06,david.brown@example.com,5473820235,Average,True,Cloud Tech,Texas,Valid,Needs Verification
281,EMP1281,Charlie,Brown,25.0,Sales-New York,Inactive,8/30/2023,115452.25,charlie.brown@example.com,8485571616,Poor,False,Sales,New York,Valid,Needs Verification
282,EMP1282,Heidi,Miller,30.0,HR-California,Inactive,8/15/2023,54141.38,heidi.miller@example.com,6880294239,Average,False,HR,California,Valid,Needs Verification
283,EMP1283,David,Davis,30.0,DevOps-Nevada,Active,12/24/2020,79251.95,david.davis@example.com,9036788126,Good,False,DevOps,Nevada,Valid,Needs Verification
284,EMP1284,Alice,Johnson,40.0,Finance-New York,Pending,11/21/2024,114822.78,alice.johnson@example.com,8686694319,Good,True,Finance,New York,Valid,Needs Verification
285,EMP1285,Alice,Williams,35.0,Sales-Illinois,Active,11/17/2021,69919.32,alice.williams@example.com,2939087883,Average,True,Sales,Illinois,Valid,Needs Verification
286,EMP1286,Heidi,Smith,30.0,Sales-Florida,Inactive,1/29/2021,106616.97,heidi.smith@example.com,4344812307,Poor,False,Sales,Florida,Valid,Needs Verification
287,EMP1287,Heidi,Jones,35.0,DevOps-New York,Active,2/17/2024,73597.85,heidi.jones@example.com,3402424032,Poor,True,DevOps,New York,Valid,Needs Verification
288,EMP1288,David,Smith,30.0,Sales-Nevada,Inactive,8/20/2024,79939.23,david.smith@example.com,8105955183,Excellent,True,Sales,Nevada,Valid,Needs Verification
289,EMP1289,Grace,Garcia,25.0,Admin-New York,Inactive,10/24/2021,85547.87,grace.garcia@example.com,2694500533,Poor,False,Admin,New York,Valid,Needs Verification
290,EMP1290,Grace,Smith,30.0,Finance-California,Inactive,9/10/2021,90772.25,grace.smith@example.com,2408916497,Average,False,Finance,California,Valid,Needs Verification
291,EMP1291,Eva,Williams,35.0,DevOps-New York,Active,9/29/2023,58275.74,eva.williams@example.com,3735439626,Good,False,DevOps,New York,Valid,Needs Verification
292,EMP1292,Grace,Smith,30.0,DevOps-California,Pending,8/28/2020,94709.79,grace.smith@example.com,3652717271,Excellent,False,DevOps,California,Valid,Needs Verification
293,EMP1293,Frank,Johnson,30.0,Admin-New York,Active,9/6/2022,60722.99,frank.johnson@example.com,2397240421,Excellent,True,Admin,New York,Valid,Needs Verification
294,EMP1294,Frank,Johnson,40.0,DevOps-Illinois,Inactive,3/31/2024,87626.24,frank.johnson@example.com,6931216375,Good,True,DevOps,Illinois,Valid,Needs Verification
295,EMP1295,David,Brown,30.0,DevOps-Illinois,Active,12/12/2022,81272.36,david.brown@example.com,1820916600,Poor,False,DevOps,Illinois,Valid,Needs Verification
296,EMP1296,Bob,Miller,30.0,Cloud Tech-Texas,Pending,11/1/2022,64150.97,bob.miller@example.com,,Good,True,Cloud Tech,Texas,Invalid,Needs Verification
297,EMP1297,Charlie,Davis,35.0,Sales-Florida,Active,10/25/2023,64378.1,charlie.davis@example.com,1851327971,Poor,False,Sales,Florida,Valid,Needs Verification
298,EMP1298,Bob,Jones,30.0,Finance-Texas,Inactive,9/27/2020,85927.35,bob.jones@example.com,4572308480,Good,False,Finance,Texas,Valid,Needs Verification
299,EMP1299,Alice,Garcia,30.0,Finance-Nevada,Inactive,1/21/2024,51523.93,alice.garcia@example.com,,Average,True,Finance,Nevada,Invalid,Needs Verification
300,EMP1300,Alice,Smith,30.0,Sales-Texas,Active,5/17/2022,74117.02,alice.smith@example.com,3036625435,Poor,False,Sales,Texas,Valid,Needs Verification
301,EMP1301,Alice,Smith,25.0,Finance-Texas,Inactive,4/17/2022,62598.69,alice.smith@example.com,1721314518,Average,True,Finance,Texas,Valid,Needs Verification
302,EMP1302,Grace,Williams,35.0,Finance-Florida,Inactive,2/8/2022,55617.5,grace.williams@example.com,5151092267,Excellent,True,Finance,Florida,Valid,Needs Verification
303,EMP1303,Charlie,Miller,35.0,Cloud Tech-New York,Pending,3/15/2022,87018.98,charlie.miller@example.com,5926249450,Good,True,Cloud Tech,New York,Valid,Needs Verification
304,EMP1304,David,Johnson,25.0,Cloud Tech-California,Inactive,10/11/2023,100336.58,david.johnson@example.com,4754102251,Excellent,True,Cloud Tech,California,Valid,Needs Verification
305,EMP1305,Grace,Jones,30.0,Admin-Florida,Inactive,11/13/2020,69295.48,grace.jones@example.com,6771196420,Excellent,False,Admin,Florida,Valid,Needs Verification
306,EMP1306,Bob,Brown,25.0,DevOps-Florida,Pending,4/17/2024,115536.66,bob.brown@example.com,5226557675,Excellent,True,DevOps,Florida,Valid,Needs Verification
307,EMP1307,David,Johnson,30.0,Cloud Tech-Texas,Pending,3/9/2020,81250.87,david.johnson@example.com,9523668787,Excellent,False,Cloud Tech,Texas,Valid,Needs Verification
308,EMP1308,Alice,Garcia,30.0,DevOps-Texas,Inactive,6/17/2022,66403.75,alice.garcia@example.com,7883619688,Good,False,DevOps,Texas,Valid,Needs Verification
309,EMP1309,Alice,Miller,30.0,Sales-California,Active,7/28/2024,114147.79,alice.miller@example.com,3135030586,Excellent,False,Sales,California,Valid,Needs Verification
310,EMP1310,Frank,Garcia,30.0,HR-New York,Pending,12/3/2022,65472.99,frank.garcia@example.com,2105524727,Good,False,HR,New York,Valid,Needs Verification
311,EMP1311,Alice,Davis,30.0,Sales-Nevada,Active,7/6/2023,97512.51,alice.davis@example.com,6333021259,Good,True,Sales,Nevada,Valid,Needs Verification
312,EMP1312,Alice,Brown,35.0,DevOps-Nevada,Inactive,5/28/2024,86712.41,alice.brown@example.com,6501917919,Average,True,DevOps,Nevada,Valid,Needs Verification
313,EMP1313,Grace,Davis,30.0,HR-Florida,Active,3/25/2024,87654.98,grace.davis@example.com,2521310961,Poor,False,HR,Florida,Valid,Needs Verification
314,EMP1314,David,Williams,35.0,DevOps-New York,Inactive,4/28/2020,89367.02,david.williams@example.com,2728476569,Poor,False,DevOps,New York,Valid,Needs Verification
315,EMP1315,Charlie,Garcia,40.0,Admin-California,Active,11/7/2021,95269.41,charlie.garcia@example.com,4120092819,Good,True,Admin,California,Valid,Needs Verification
316,EMP1316,Frank,Williams,25.0,Sales-Nevada,Active,4/15/2020,68792.31,frank.williams@example.com,6678498435,Average,False,Sales,Nevada,Valid,Needs Verification
317,EMP1317,Alice,Smith,25.0,Admin-Illinois,Pending,10/7/2023,89119.53,alice.smith@example.com,2418623689,Good,True,Admin,Illinois,Valid,Needs Verification
318,EMP1318,Frank,Davis,35.0,Cloud Tech-New York,Active,2/27/2024,58212.13,frank.davis@example.com,3628917755,Good,False,Cloud Tech,New York,Valid,Needs Verification
319,EMP1319,Heidi,Miller,30.0,DevOps-Illinois,Pending,2/22/2021,77764.24,heidi.miller@example.com,6205634110,Good,True,DevOps,Illinois,Valid,Needs Verification
320,EMP1320,Frank,Garcia,35.0,Finance-Florida,Pending,8/21/2023,75148.17,frank.garcia@example.com,5950342810,Average,False,Finance,Florida,Valid,Needs Verification
321,EMP1321,Heidi,Jones,40.0,Cloud Tech-Nevada,Inactive,4/8/2024,108781.18,heidi.jones@example.com,3904383033,Poor,False,Cloud Tech,Nevada,Valid,Needs Verification
322,EMP1322,Frank,Brown,35.0,Finance-Texas,Pending,11/4/2024,65489.19,frank.brown@example.com,1990970050,Average,True,Finance,Texas,Valid,Needs Verification
323,EMP1323,Eva,Johnson,30.0,Sales-Illinois,Pending,5/5/2022,70663.46,eva.johnson@example.com,4054683564,Excellent,False,Sales,Illinois,Valid,Needs Verification
324,EMP1324,David,Miller,40.0,Sales-New York,Inactive,2/1/2023,95822.56,david.miller@example.com,2156818208,Average,False,Sales,New York,Valid,Needs Verification
325,EMP1325,Eva,Miller,40.0,DevOps-Nevada,Pending,10/1/2022,82258.03,eva.miller@example.com,6790422710,Average,True,DevOps,Nevada,Valid,Needs Verification
326,EMP1326,Frank,Williams,30.0,Admin-Nevada,Pending,9/27/2022,62883.34,frank.williams@example.com,3322889856,Average,False,Admin,Nevada,Valid,Needs Verification
327,EMP1327,Alice,Davis,30.0,Cloud Tech-Texas,Pending,4/9/2020,103503.72,alice.davis@example.com,2545960632,Average,True,Cloud Tech,Texas,Valid,Needs Verification
328,EMP1328,David,Garcia,25.0,DevOps-New York,Active,3/23/2021,85401.3,david.garcia@example.com,9912971023,Poor,True,DevOps,New York,Valid,Needs Verification
329,EMP1329,Heidi,Garcia,40.0,Cloud Tech-Texas,Pending,2/3/2023,85547.87,heidi.garcia@example.com,8171752420,Excellent,False,Cloud Tech,Texas,Valid,Needs Verification
330,EMP1330,Eva,Smith,30.0,HR-Texas,Pending,7/23/2024,98850.14,eva.smith@example.com,4955112746,Poor,False,HR,Texas,Valid,Needs Verification
331,EMP1331,Charlie,Smith,25.0,Cloud Tech-Illinois,Active,5/8/2021,63435.24,charlie.smith@example.com,4721970545,Poor,False,Cloud Tech,Illinois,Valid,Needs Verification
332,EMP1332,Frank,Brown,35.0,Finance-Texas,Inactive,4/11/2022,82129.84,frank.brown@example.com,6927589550,Average,False,Finance,Texas,Valid,Needs Verification
333,EMP1333,David,Williams,35.0,DevOps-Texas,Pending,10/23/2024,95492.61,david.williams@example.com,6874090379,Good,False,DevOps,Texas,Valid,Needs Verification
334,EMP1334,Grace,Miller,40.0,Finance-Illinois,Inactive,4/24/2020,94572.37,grace.miller@example.com,2146296135,Good,False,Finance,Illinois,Valid,Needs Verification
335,EMP1335,Bob,Garcia,40.0,Finance-Nevada,Inactive,3/4/2023,118413.05,bob.garcia@example.com,7157787111,Poor,False,Finance,Nevada,Valid,Needs Verification
336,EMP1336,Alice,Jones,30.0,Admin-Nevada,Pending,8/31/2022,68976.65,alice.jones@example.com,1663651558,Poor,True,Admin,Nevada,Valid,Needs Verification
337,EMP1337,Eva,Williams,30.0,Sales-Nevada,Active,1/2/2021,115013.65,eva.williams@example.com,7371470826,Average,False,Sales,Nevada,Valid,Needs Verification
338,EMP1338,David,Brown,30.0,Admin-Nevada,Inactive,6/6/2020,70949.38,david.brown@example.com,2359096055,Poor,True,Admin,Nevada,Valid,Needs Verification
339,EMP1339,Grace,Brown,30.0,HR-Florida,Pending,10/13/2020,105334.87,grace.brown@example.com,7303064420,Average,False,HR,Florida,Valid,Needs Verification
340,EMP1340,Bob,Williams,30.0,DevOps-California,Active,7/19/2020,80596.18,bob.williams@example.com,2146147682,Good,False,DevOps,California,Valid,Needs Verification
341,EMP1341,Frank,Brown,30.0,Sales-Illinois,Inactive,5/3/2024,72846.37,frank.brown@example.com,4201654234,Good,True,Sales,Illinois,Valid,Needs Verification
342,EMP1342,Heidi,Williams,40.0,Admin-California,Pending,2/7/2022,80229.36,heidi.williams@example.com,6778265959,Excellent,False,Admin,California,Valid,Needs Verification
343,EMP1343,Grace,Johnson,25.0,Sales-California,Active,12/31/2023,55145.47,grace.johnson@example.com,8931992549,Good,False,Sales,California,Valid,Needs Verification
344,EMP1344,Grace,Williams,30.0,DevOps-Florida,Inactive,1/8/2022,85547.87,grace.williams@example.com,2727516479,Poor,True,DevOps,Florida,Valid,Needs Verification
345,EMP1345,Eva,Davis,40.0,HR-California,Active,9/28/2020,56110.81,eva.davis@example.com,7279103367,Good,False,HR,California,Valid,Needs Verification
346,EMP1346,Grace,Williams,25.0,Cloud Tech-Texas,Inactive,2/9/2023,56514.5,grace.williams@example.com,2963533904,Average,False,Cloud Tech,Texas,Valid,Needs Verification
347,EMP1347,Frank,Brown,40.0,Cloud Tech-California,Inactive,3/5/2022,104541.84,frank.brown@example.com,5044817765,Good,False,Cloud Tech,California,Valid,Needs Verification
348,EMP1348,David,Garcia,30.0,Sales-New York,Pending,2/18/2022,61865.12,david.garcia@example.com,5586851275,Excellent,True,Sales,New York,Valid,Needs Verification
349,EMP1349,Eva,Davis,40.0,Admin-Texas,Active,6/9/2022,69317.33,eva.davis@example.com,5289286645,Good,False,Admin,Texas,Valid,Needs Verification
350,EMP1350,Bob,Brown,35.0,HR-New York,Pending,7/4/2023,84706.17,bob.brown@example.com,4911110960,Average,False,HR,New York,Valid,Needs Verification
351,EMP1351,Heidi,Smith,25.0,Admin-California,Active,3/21/2022,73255.21,heidi.smith@example.com,7981789045,Average,False,Admin,California,Valid,Needs Verification
352,EMP1352,Frank,Smith,40.0,HR-Florida,Pending,5/2/2023,59528.71,frank.smith@example.com,3378613714,Poor,False,HR,Florida,Valid,Needs Verification
353,EMP1353,David,Garcia,40.0,HR-New York,Inactive,10/15/2021,70401.37,david.garcia@example.com,7660538443,Good,True,HR,New York,Valid,Needs Verification
354,EMP1354,Heidi,Garcia,30.0,Admin-California,Inactive,7/28/2021,107154.62,heidi.garcia@example.com,4630600024,Average,True,Admin,California,Valid,Needs Verification
355,EMP1355,Bob,Davis,30.0,Admin-Illinois,Pending,1/3/2021,97719.88,bob.davis@example.com,8955296385,Excellent,False,Admin,Illinois,Valid,Needs Verification
356,EMP1356,Heidi,Johnson,30.0,Finance-California,Pending,5/21/2020,107327.59,heidi.johnson@example.com,3960962625,Poor,False,Finance,California,Valid,Needs Verification
357,EMP1357,Grace,Garcia,40.0,Admin-Nevada,Inactive,5/10/2021,67687.72,grace.garcia@example.com,5826312818,Excellent,True,Admin,Nevada,Valid,Needs Verification
358,EMP1358,Grace,Smith,40.0,Cloud Tech-Florida,Pending,9/8/2022,90757.08,grace.smith@example.com,6482531105,Good,True,Cloud Tech,Florida,Valid,Needs Verification
359,EMP1359,Grace,Williams,30.0,Cloud Tech-California,Pending,7/21/2024,87583.42,grace.williams@example.com,,Good,False,Cloud Tech,California,Invalid,Needs Verification
360,EMP1360,Bob,Brown,25.0,Admin-Nevada,Pending,12/28/2021,61643.69,bob.brown@example.com,2752334382,Good,True,Admin,Nevada,Valid,Needs Verification
361,EMP1361,Grace,Smith,35.0,Finance-Texas,Active,7/20/2020,68111.69,grace.smith@example.com,6404120910,Poor,False,Finance,Texas,Valid,Needs Verification
362,EMP1362,David,Smith,40.0,HR-Florida,Inactive,4/30/2024,97568.88,david.smith@example.com,7911244210,Average,True,HR,Florida,Valid,Needs Verification
363,EMP1363,Charlie,Johnson,35.0,Cloud Tech-Florida,Active,8/28/2021,79118.28,charlie.johnson@example.com,7536170616,Poor,True,Cloud Tech,Florida,Valid,Needs Verification
364,EMP1364,Bob,Davis,30.0,HR-California,Inactive,7/21/2022,104898.9,bob.davis@example.com,1366572239,Excellent,True,HR,California,Valid,Needs Verification
365,EMP1365,Frank,Davis,40.0,Cloud Tech-Florida,Pending,11/27/2023,81671.3,frank.davis@example.com,2990155798,Poor,True,Cloud Tech,Florida,Valid,Needs Verification
366,EMP1366,Alice,Miller,25.0,Cloud Tech-California,Pending,8/11/2020,97399.75,alice.miller@example.com,8028413907,Excellent,False,Cloud Tech,California,Valid,Needs Verification
367,EMP1367,David,Johnson,30.0,Admin-Illinois,Active,11/8/2021,89189.43,david.johnson@example.com,,Poor,True,Admin,Illinois,Invalid,Needs Verification
368,EMP1368,David,Williams,40.0,DevOps-New York,Active,8/4/2023,96011.55,david.williams@example.com,2312447314,Average,True,DevOps,New York,Valid,Needs Verification
369,EMP1369,David,Davis,40.0,Sales-Florida,Inactive,1/10/2020,99331.49,david.davis@example.com,8477686341,Excellent,False,Sales,Florida,Valid,Needs Verification
370,EMP1370,Bob,Brown,30.0,Cloud Tech-Illinois,Active,1/19/2022,72818.94,bob.brown@example.com,3461994236,Good,True,Cloud Tech,Illinois,Valid,Needs Verification
371,EMP1371,Eva,Garcia,40.0,Sales-Nevada,Inactive,5/7/2023,77204.75,eva.garcia@example.com,6769459195,Good,True,Sales,Nevada,Valid,Needs Verification
372,EMP1372,Bob,Johnson,35.0,HR-Florida,Pending,12/19/2020,106961.68,bob.johnson@example.com,6395517207,Poor,False,HR,Florida,Valid,Needs Verification
373,EMP1373,Eva,Garcia,30.0,Sales-Texas,Pending,10/1/2020,71923.0,eva.garcia@example.com,4964985600,Good,True,Sales,Texas,Valid,Needs Verification
374,EMP1374,Bob,Smith,30.0,HR-Nevada,Active,11/12/2022,77192.43,bob.smith@example.com,2562531354,Excellent,False,HR,Nevada,Valid,Needs Verification
375,EMP1375,Grace,Brown,40.0,Admin-Florida,Pending,1/5/2023,98540.3,grace.brown@example.com,2510505378,Good,False,Admin,Florida,Valid,Needs Verification
376,EMP1376,Charlie,Brown,30.0,Admin-Florida,Inactive,10/14/2020,63096.9,charlie.brown@example.com,5381649382,Average,False,Admin,Florida,Valid,Needs Verification
377,EMP1377,Alice,Smith,35.0,Cloud Tech-Florida,Active,2/3/2021,107065.12,alice.smith@example.com,1849196654,Average,False,Cloud Tech,Florida,Valid,Needs Verification
378,EMP1378,Heidi,Johnson,40.0,DevOps-Florida,Inactive,12/25/2023,108792.43,heidi.johnson@example.com,3307704610,Poor,True,DevOps,Florida,Valid,Needs Verification
379,EMP1379,Bob,Smith,30.0,Cloud Tech-New York,Inactive,3/7/2020,69239.7,bob.smith@example.com,7295963903,Excellent,False,Cloud Tech,New York,Valid,Needs Verification
380,EMP1380,Charlie,Garcia,40.0,Sales-Nevada,Inactive,1/30/2023,85756.42,charlie.garcia@example.com,,Average,True,Sales,Nevada,Invalid,Needs Verification
381,EMP1381,Eva,Miller,30.0,HR-Illinois,Active,4/5/2024,100328.62,eva.miller@example.com,,Average,True,HR,Illinois,Invalid,Needs Verification
382,EMP1382,Grace,Brown,25.0,DevOps-Nevada,Active,9/1/2021,111236.69,grace.brown@example.com,5618579063,Excellent,True,DevOps,Nevada,Valid,Needs Verification
383,EMP1383,Eva,Jones,35.0,Cloud Tech-Florida,Active,5/7/2024,106832.22,eva.jones@example.com,7715910299,Good,True,Cloud Tech,Florida,Valid,Needs Verification
384,EMP1384,Frank,Jones,30.0,DevOps-Florida,Active,6/15/2023,59746.45,frank.jones@example.com,2156321357,Good,True,DevOps,Florida,Valid,Needs Verification
385,EMP1385,David,Garcia,25.0,Sales-California,Pending,7/29/2021,91780.04,david.garcia@example.com,,Poor,True,Sales,California,Invalid,Needs Verification
386,EMP1386,Eva,Williams,35.0,Sales-California,Pending,10/23/2023,107062.66,eva.williams@example.com,9642297124,Good,True,Sales,California,Valid,Needs Verification
387,EMP1387,Grace,Davis,25.0,HR-Nevada,Active,12/7/2023,110625.52,grace.davis@example.com,2967188396,Excellent,True,HR,Nevada,Valid,Needs Verification
388,EMP1388,Frank,Smith,30.0,DevOps-Florida,Inactive,10/18/2020,90419.79,frank.smith@example.com,7457314414,Average,True,DevOps,Florida,Valid,Needs Verification
389,EMP1389,Grace,Smith,40.0,Finance-Texas,Pending,6/15/2024,111608.76,grace.smith@example.com,8331170302,Good,True,Finance,Texas,Valid,Needs Verification
390,EMP1390,Eva,Williams,35.0,Finance-Florida,Inactive,4/6/2023,50173.12,eva.williams@example.com,7637153987,Poor,False,Finance,Florida,Valid,Needs Verification
391,EMP1391,Bob,Williams,40.0,DevOps-Nevada,Pending,1/3/2022,109507.44,bob.williams@example.com,5472812355,Good,False,DevOps,Nevada,Valid,Needs Verification
392,EMP1392,Grace,Garcia,30.0,Finance-New York,Inactive,7/3/2021,72600.56,grace.garcia@example.com,7983631461,Excellent,False,Finance,New York,Valid,Needs Verification
393,EMP1393,Charlie,Garcia,30.0,Finance-California,Pending,4/10/2024,53388.65,charlie.garcia@example.com,4912711306,Poor,True,Finance,California,Valid,Needs Verification
394,EMP1394,Heidi,Williams,25.0,Cloud Tech-New York,Inactive,7/23/2022,50047.32,heidi.williams@example.com,2407875417,Good,False,Cloud Tech,New York,Valid,Needs Verification
395,EMP1395,David,Brown,30.0,DevOps-California,Active,11/25/2024,115290.79,david.brown@example.com,1563268684,Poor,False,DevOps,California,Valid,Needs Verification
396,EMP1396,Frank,Garcia,35.0,Cloud Tech-California,Pending,8/21/2023,61586.76,frank.garcia@example.com,,Excellent,False,Cloud Tech,California,Invalid,Needs Verification
397,EMP1397,Eva,Miller,30.0,Finance-Nevada,Active,12/12/2023,56662.86,eva.miller@example.com,3629489785,Average,True,Finance,Nevada,Valid,Needs Verification
398,EMP1398,Bob,Garcia,30.0,Sales-New York,Pending,10/24/2023,85547.87,bob.garcia@example.com,1031310093,Excellent,True,Sales,New York,Valid,Needs Verification
399,EMP1399,Frank,Smith,25.0,Finance-Nevada,Active,9/5/2022,54957.98,frank.smith@example.com,3181439665,Excellent,True,Finance,Nevada,Valid,Needs Verification
400,EMP1400,Bob,Garcia,25.0,HR-California,Inactive,10/7/2020,76790.47,bob.garcia@example.com,1347323548,Excellent,True,HR,California,Valid,Needs Verification
401,EMP1401,Charlie,Brown,30.0,Cloud Tech-Illinois,Pending,1/18/2020,92722.35,charlie.brown@example.com,4012897431,Excellent,False,Cloud Tech,Illinois,Valid,Needs Verification
402,EMP1402,Frank,Williams,30.0,DevOps-Nevada,Active,4/23/2022,93125.32,frank.williams@example.com,5122572075,Average,False,DevOps,Nevada,Valid,Needs Verification
403,EMP1403,David,Smith,25.0,Cloud Tech-New York,Active,4/22/2023,101100.64,david.smith@example.com,5024120956,Average,False,Cloud Tech,New York,Valid,Needs Verification
404,EMP1404,Grace,Garcia,35.0,Admin-New York,Inactive,8/13/2023,55897.41,grace.garcia@example.com,9073710093,Poor,False,Admin,New York,Valid,Needs Verification
405,EMP1405,Eva,Brown,25.0,DevOps-California,Active,11/26/2022,92484.88,eva.brown@example.com,3882211456,Good,True,DevOps,California,Valid,Needs Verification
406,EMP1406,Grace,Miller,35.0,DevOps-Texas,Active,10/10/2022,77011.99,grace.miller@example.com,7584745704,Average,True,DevOps,Texas,Valid,Needs Verification
407,EMP1407,Bob,Garcia,30.0,Cloud Tech-California,Inactive,9/27/2020,77078.68,bob.garcia@example.com,4589714801,Average,True,Cloud Tech,California,Valid,Needs Verification
408,EMP1408,Grace,Brown,35.0,Sales-Nevada,Active,4/11/2024,82971.02,grace.brown@example.com,6325703964,Good,False,Sales,Nevada,Valid,Needs Verification
409,EMP1409,Bob,Miller,25.0,Sales-Texas,Active,6/20/2021,65102.01,bob.miller@example.com,3136148781,Average,True,Sales,Texas,Valid,Needs Verification
410,EMP1410,Grace,Williams,30.0,HR-Nevada,Pending,10/23/2022,103697.7,grace.williams@example.com,4556964429,Excellent,True,HR,Nevada,Valid,Needs Verification
411,EMP1411,Grace,Garcia,25.0,DevOps-Illinois,Pending,6/15/2023,60687.63,grace.garcia@example.com,9859167953,Excellent,False,DevOps,Illinois,Valid,Needs Verification
412,EMP1412,Bob,Miller,30.0,Admin-New York,Pending,10/31/2021,77351.21,bob.miller@example.com,1072728497,Good,False,Admin,New York,Valid,Needs Verification
413,EMP1413,Bob,Smith,35.0,DevOps-Florida,Pending,9/29/2024,66704.62,bob.smith@example.com,2474140702,Poor,True,DevOps,Florida,Valid,Needs Verification
414,EMP1414,Grace,Williams,25.0,Finance-Illinois,Pending,4/22/2020,71650.3,grace.williams@example.com,4910740649,Poor,True,Finance,Illinois,Valid,Needs Verification
415,EMP1415,Charlie,Smith,25.0,Cloud Tech-Nevada,Active,12/7/2023,50794.54,charlie.smith@example.com,,Good,True,Cloud Tech,Nevada,Invalid,Needs Verification
416,EMP1416,Frank,Jones,30.0,Sales-Nevada,Inactive,12/7/2020,76030.86,frank.jones@example.com,2369143074,Good,True,Sales,Nevada,Valid,Needs Verification
417,EMP1417,Eva,Johnson,25.0,Cloud Tech-California,Inactive,7/11/2021,86669.79,eva.johnson@example.com,3666144941,Excellent,True,Cloud Tech,California,Valid,Needs Verification
418,EMP1418,Bob,Garcia,40.0,Finance-Illinois,Inactive,4/23/2020,84972.7,bob.garcia@example.com,9659234267,Poor,True,Finance,Illinois,Valid,Needs Verification
419,EMP1419,Frank,Miller,30.0,HR-Texas,Pending,10/12/2023,100594.49,frank.miller@example.com,3441497825,Average,False,HR,Texas,Valid,Needs Verification
420,EMP1420,Alice,Johnson,25.0,Cloud Tech-New York,Active,8/24/2022,75478.35,alice.johnson@example.com,6128758574,Excellent,False,Cloud Tech,New York,Valid,Needs Verification
421,EMP1421,Charlie,Johnson,25.0,Sales-Nevada,Pending,9/4/2023,79355.85,charlie.johnson@example.com,6766708060,Good,False,Sales,Nevada,Valid,Needs Verification
422,EMP1422,Grace,Miller,35.0,HR-Texas,Pending,2/2/2022,58358.07,grace.miller@example.com,2943985297,Poor,True,HR,Texas,Valid,Needs Verification
423,EMP1423,Alice,Williams,30.0,Admin-Illinois,Active,4/1/2022,54824.85,alice.williams@example.com,9406260786,Average,False,Admin,Illinois,Valid,Needs Verification
424,EMP1424,Eva,Garcia,35.0,HR-Texas,Pending,7/24/2022,50557.84,eva.garcia@example.com,,Average,True,HR,Texas,Invalid,Needs Verification
425,EMP1425,Eva,Jones,30.0,Admin-Florida,Inactive,4/26/2023,118030.04,eva.jones@example.com,7501980381,Excellent,True,Admin,Florida,Valid,Needs Verification
426,EMP1426,David,Smith,30.0,Admin-New York,Active,4/19/2022,51673.72,david.smith@example.com,8723244078,Poor,False,Admin,New York,Valid,Needs Verification
427,EMP1427,Alice,Brown,35.0,Cloud Tech-Nevada,Inactive,10/4/2024,101665.79,alice.brown@example.com,3110291812,Poor,True,Cloud Tech,Nevada,Valid,Needs Verification
428,EMP1428,David,Smith,30.0,Admin-Florida,Inactive,5/2/2020,118079.15,david.smith@example.com,3170876013,Good,True,Admin,Florida,Valid,Needs Verification
429,EMP1429,Eva,Brown,25.0,Cloud Tech-New York,Pending,4/25/2022,99059.28,eva.brown@example.com,6723849790,Poor,False,Cloud Tech,New York,Valid,Needs Verification
430,EMP1430,Bob,Smith,30.0,Cloud Tech-Illinois,Active,7/29/2023,107397.4,bob.smith@example.com,6202232882,Poor,False,Cloud Tech,Illinois,Valid,Needs Verification
431,EMP1431,Alice,Miller,40.0,DevOps-New York,Active,8/20/2021,68269.37,alice.miller@example.com,7744197545,Excellent,False,DevOps,New York,Valid,Needs Verification
432,EMP1432,Grace,Jones,35.0,HR-Florida,Inactive,4/23/2021,55228.12,grace.jones@example.com,6176620470,Poor,True,HR,Florida,Valid,Needs Verification
433,EMP1433,Bob,Garcia,30.0,Cloud Tech-New York,Inactive,8/12/2022,71982.33,bob.garcia@example.com,9609409704,Average,False,Cloud Tech,New York,Valid,Needs Verification
434,EMP1434,Frank,Brown,30.0,Finance-California,Inactive,6/26/2021,109673.75,frank.brown@example.com,2774025882,Excellent,False,Finance,California,Valid,Needs Verification
435,EMP1435,Eva,Garcia,30.0,Cloud Tech-New York,Inactive,10/30/2020,56384.9,eva.garcia@example.com,5868122594,Excellent,True,Cloud Tech,New York,Valid,Needs Verification
436,EMP1436,Frank,Garcia,40.0,Sales-Texas,Pending,9/4/2021,68211.68,frank.garcia@example.com,7244617678,Good,False,Sales,Texas,Valid,Needs Verification
437,EMP1437,Alice,Garcia,40.0,Finance-Illinois,Pending,1/31/2023,67489.68,alice.garcia@example.com,2988425994,Poor,False,Finance,Illinois,Valid,Needs Verification
438,EMP1438,Charlie,Davis,25.0,Cloud Tech-Texas,Active,9/24/2020,63869.31,charlie.davis@example.com,9961002310,Good,False,Cloud Tech,Texas,Valid,Needs Verification
439,EMP1439,Bob,Williams,30.0,Sales-California,Active,2/14/2020,119801.3,bob.williams@example.com,7753312660,Average,True,Sales,California,Valid,Needs Verification
440,EMP1440,Heidi,Smith,30.0,Cloud Tech-California,Active,3/28/2020,115959.65,heidi.smith@example.com,,Excellent,True,Cloud Tech,California,Invalid,Needs Verification
441,EMP1441,Grace,Garcia,40.0,Finance-Texas,Inactive,10/31/2023,79866.48,grace.garcia@example.com,2517629832,Excellent,True,Finance,Texas,Valid,Needs Verification
442,EMP1442,Charlie,Smith,35.0,HR-Florida,Active,3/11/2020,92987.46,charlie.smith@example.com,4774332682,Excellent,True,HR,Florida,Valid,Needs Verification
443,EMP1443,Eva,Garcia,40.0,Finance-Illinois,Inactive,5/4/2020,56140.51,eva.garcia@example.com,1901302055,Average,False,Finance,Illinois,Valid,Needs Verification
444,EMP1444,Grace,Brown,30.0,DevOps-Illinois,Active,7/15/2023,119586.11,grace.brown@example.com,9815287338,Average,True,DevOps,Illinois,Valid,Needs Verification
445,EMP1445,Alice,Williams,40.0,DevOps-California,Inactive,1/20/2023,104700.46,alice.williams@example.com,7855982175,Good,True,DevOps,California,Valid,Needs Verification
446,EMP1446,Frank,Williams,40.0,HR-New York,Active,10/15/2021,91798.14,frank.williams@example.com,6191284116,Good,False,HR,New York,Valid,Needs Verification
447,EMP1447,Eva,Miller,25.0,Finance-Illinois,Inactive,4/19/2024,90879.22,eva.miller@example.com,3098503445,Good,False,Finance,Illinois,Valid,Needs Verification
448,EMP1448,Charlie,Davis,25.0,Admin-Nevada,Active,6/29/2021,87358.27,charlie.davis@example.com,5124189388,Poor,False,Admin,Nevada,Valid,Needs Verification
449,EMP1449,Alice,Miller,30.0,Sales-Florida,Inactive,9/14/2024,119407.93,alice.miller@example.com,8469081973,Excellent,True,Sales,Florida,Valid,Needs Verification
450,EMP1450,David,Miller,30.0,HR-Nevada,Pending,1/4/2022,113978.6,david.miller@example.com,,Excellent,True,HR,Nevada,Invalid,Needs Verification
451,EMP1451,Frank,Miller,30.0,Sales-New York,Pending,1/20/2021,108568.78,frank.miller@example.com,8503719904,Good,True,Sales,New York,Valid,Needs Verification
452,EMP1452,Heidi,Miller,30.0,HR-New York,Inactive,3/18/2020,56318.02,heidi.miller@example.com,1699187239,Excellent,False,HR,New York,Valid,Needs Verification
453,EMP1453,David,Miller,25.0,Sales-Florida,Active,11/10/2021,114252.73,david.miller@example.com,1078356742,Good,False,Sales,Florida,Valid,Needs Verification
454,EMP1454,Charlie,Jones,35.0,DevOps-New York,Inactive,5/1/2020,51533.9,charlie.jones@example.com,,Poor,True,DevOps,New York,Invalid,Needs Verification
455,EMP1455,Charlie,Williams,25.0,Sales-California,Active,2/4/2022,99317.66,charlie.williams@example.com,,Poor,False,Sales,California,Invalid,Needs Verification
456,EMP1456,Bob,Miller,35.0,HR-California,Active,11/18/2020,101264.64,bob.miller@example.com,1955356032,Average,False,HR,California,Valid,Needs Verification
457,EMP1457,Heidi,Garcia,35.0,Admin-Nevada,Pending,11/21/2023,112272.02,heidi.garcia@example.com,1903689002,Poor,False,Admin,Nevada,Valid,Needs Verification
458,EMP1458,Frank,Williams,30.0,DevOps-Illinois,Active,2/13/2022,71477.63,frank.williams@example.com,,Good,True,DevOps,Illinois,Invalid,Needs Verification
459,EMP1459,Charlie,Williams,30.0,DevOps-Texas,Pending,3/19/2023,77412.1,charlie.williams@example.com,9342967110,Poor,False,DevOps,Texas,Valid,Needs Verification
460,EMP1460,Alice,Johnson,30.0,Sales-California,Pending,3/28/2021,94775.27,alice.johnson@example.com,4837537457,Average,False,Sales,California,Valid,Needs Verification
461,EMP1461,Heidi,Jones,30.0,HR-Nevada,Active,5/2/2021,74276.71,heidi.jones@example.com,4384588104,Excellent,True,HR,Nevada,Valid,Needs Verification
462,EMP1462,Bob,Miller,35.0,Finance-Texas,Inactive,3/5/2021,67467.86,bob.miller@example.com,6974132833,Good,True,Finance,Texas,Valid,Needs Verification
463,EMP1463,Eva,Smith,25.0,DevOps-Texas,Active,3/1/2022,80675.41,eva.smith@example.com,8315203770,Excellent,False,DevOps,Texas,Valid,Needs Verification
464,EMP1464,Charlie,Brown,40.0,Finance-Florida,Inactive,1/23/2023,76274.33,charlie.brown@example.com,,Average,False,Finance,Florida,Invalid,Needs Verification
465,EMP1465,David,Davis,30.0,Finance-Texas,Active,8/26/2021,51405.46,david.davis@example.com,4967066702,Average,True,Finance,Texas,Valid,Needs Verification
466,EMP1466,Bob,Garcia,25.0,HR-New York,Inactive,11/25/2020,101238.96,bob.garcia@example.com,3626804084,Average,True,HR,New York,Valid,Needs Verification
467,EMP1467,Bob,Smith,35.0,Sales-Illinois,Inactive,12/13/2023,52169.52,bob.smith@example.com,,Excellent,False,Sales,Illinois,Invalid,Needs Verification
468,EMP1468,Charlie,Jones,30.0,Finance-New York,Active,7/26/2020,73176.62,charlie.jones@example.com,6018648768,Excellent,False,Finance,New York,Valid,Needs Verification
469,EMP1469,Grace,Brown,30.0,DevOps-Nevada,Pending,6/27/2021,96241.85,grace.brown@example.com,9842673203,Excellent,False,DevOps,Nevada,Valid,Needs Verification
470,EMP1470,Bob,Jones,25.0,Finance-Illinois,Pending,9/16/2024,84366.38,bob.jones@example.com,4138459608,Excellent,False,Finance,Illinois,Valid,Needs Verification
471,EMP1471,Alice,Garcia,40.0,Cloud Tech-California,Pending,7/4/2023,92015.09,alice.garcia@example.com,4544901494,Average,True,Cloud Tech,California,Valid,Needs Verification
472,EMP1472,Alice,Williams,30.0,Admin-Nevada,Inactive,6/16/2020,83149.95,alice.williams@example.com,4277070704,Average,False,Admin,Nevada,Valid,Needs Verification
473,EMP1473,Grace,Brown,40.0,Finance-Nevada,Inactive,7/5/2020,94930.65,grace.brown@example.com,7836091497,Good,False,Finance,Nevada,Valid,Needs Verification
474,EMP1474,Frank,Williams,40.0,HR-New York,Inactive,4/1/2020,68430.72,frank.williams@example.com,5172444722,Good,True,HR,New York,Valid,Needs Verification
475,EMP1475,David,Garcia,35.0,Sales-Texas,Active,3/20/2024,98752.97,david.garcia@example.com,2290310286,Excellent,False,Sales,Texas,Valid,Needs Verification
476,EMP1476,Frank,Smith,30.0,Finance-Illinois,Active,2/7/2023,54268.86,frank.smith@example.com,9508304404,Poor,True,Finance,Illinois,Valid,Needs Verification
477,EMP1477,Grace,Garcia,30.0,DevOps-Florida,Pending,12/10/2024,66494.94,grace.garcia@example.com,8093511870,Poor,False,DevOps,Florida,Valid,Needs Verification
478,EMP1478,Grace,Smith,25.0,Sales-Illinois,Pending,6/27/2024,90003.98,grace.smith@example.com,8133595615,Average,False,Sales,Illinois,Valid,Needs Verification
479,EMP1479,Charlie,Brown,25.0,Finance-New York,Active,3/9/2021,106592.25,charlie.brown@example.com,4205955656,Average,True,Finance,New York,Valid,Needs Verification
480,EMP1480,Grace,Brown,25.0,DevOps-Florida,Active,8/11/2024,93905.83,grace.brown@example.com,4902504289,Average,True,DevOps,Florida,Valid,Needs Verification
481,EMP1481,Eva,Miller,35.0,DevOps-Texas,Active,3/5/2022,88945.49,eva.miller@example.com,1935889535,Good,False,DevOps,Texas,Valid,Needs Verification
482,EMP1482,Eva,Jones,30.0,Finance-Texas,Pending,6/30/2023,91130.33,eva.jones@example.com,9026113988,Good,False,Finance,Texas,Valid,Needs Verification
483,EMP1483,Bob,Miller,40.0,Admin-New York,Pending,4/19/2023,90787.4,bob.miller@example.com,8681809787,Average,False,Admin,New York,Valid,Needs Verification
484,EMP1484,Bob,Jones,25.0,Sales-Texas,Inactive,11/11/2024,87494.34,bob.jones@example.com,7543943534,Average,True,Sales,Texas,Valid,Needs Verification
485,EMP1485,Grace,Miller,35.0,Finance-Nevada,Inactive,3/17/2023,92627.35,grace.miller@example.com,3751376514,Average,False,Finance,Nevada,Valid,Needs Verification
486,EMP1486,Eva,Williams,40.0,Admin-Illinois,Pending,10/26/2023,98556.29,eva.williams@example.com,8815793762,Poor,True,Admin,Illinois,Valid,Needs Verification
487,EMP1487,Frank,Brown,30.0,Cloud Tech-Nevada,Inactive,7/4/2021,112792.2,frank.brown@example.com,9283692943,Good,True,Cloud Tech,Nevada,Valid,Needs Verification
488,EMP1488,Eva,Smith,35.0,HR-Florida,Pending,11/3/2023,56875.22,eva.smith@example.com,5511668296,Poor,False,HR,Florida,Valid,Needs Verification
489,EMP1489,Charlie,Jones,35.0,DevOps-Florida,Inactive,7/5/2021,101015.96,charlie.jones@example.com,3270216486,Poor,True,DevOps,Florida,Valid,Needs Verification
490,EMP1490,Bob,Garcia,30.0,Finance-New York,Inactive,2/26/2024,83912.22,bob.garcia@example.com,1206021287,Average,False,Finance,New York,Valid,Needs Verification
491,EMP1491,Frank,Jones,25.0,Sales-New York,Active,9/29/2021,99669.86,frank.jones@example.com,6652683414,Average,False,Sales,New York,Valid,Needs Verification
492,EMP1492,Alice,Smith,30.0,Admin-New York,Active,5/25/2021,52314.97,alice.smith@example.com,5999101575,Excellent,False,Admin,New York,Valid,Needs Verification
493,EMP1493,Frank,Miller,30.0,HR-California,Inactive,10/31/2022,77785.96,frank.miller@example.com,7647229811,Excellent,False,HR,California,Valid,Needs Verification
494,EMP1494,Alice,Jones,30.0,HR-Florida,Pending,7/2/2022,62430.86,alice.jones@example.com,,Poor,False,HR,Florida,Invalid,Needs Verification
495,EMP1495,Frank,Davis,35.0,Admin-California,Pending,8/28/2024,98219.54,frank.davis@example.com,9413475097,Good,True,Admin,California,Valid,Needs Verification
496,EMP1496,Grace,Williams,25.0,Admin-Illinois,Active,10/21/2024,65494.58,grace.williams@example.com,8986456521,Average,True,Admin,Illinois,Valid,Needs Verification
497,EMP1497,David,Brown,35.0,DevOps-Florida,Pending,2/11/2020,110524.1,david.brown@example.com,,Average,False,DevOps,Florida,Invalid,Needs Verification
498,EMP1498,Alice,Smith,40.0,Admin-Nevada,Active,5/16/2023,106060.54,alice.smith@example.com,4214477323,Poor,False,Admin,Nevada,Valid,Needs Verification
499,EMP1499,Eva,Brown,35.0,Finance-Florida,Inactive,7/29/2022,67639.91,eva.brown@example.com,4913421387,Excellent,True,Finance,Florida,Valid,Needs Verification
500,EMP1500,Grace,Davis,30.0,Cloud Tech-Texas,Pending,9/18/2023,117653.98,grace.davis@example.com,2090883069,Good,True,Cloud Tech,Texas,Valid,Needs Verification
501,EMP1501,Eva,Jones,35.0,DevOps-Texas,Inactive,5/10/2020,73539.86,eva.jones@example.com,5349678273,Excellent,True,DevOps,Texas,Valid,Needs Verification
502,EMP1502,Frank,Jones,35.0,HR-Nevada,Pending,8/27/2023,70915.38,frank.jones@example.com,1176741240,Excellent,True,HR,Nevada,Valid,Needs Verification
503,EMP1503,David,Garcia,25.0,Sales-Florida,Pending,10/16/2021,97652.9,david.garcia@example.com,5131528546,Excellent,False,Sales,Florida,Valid,Needs Verification
504,EMP1504,Heidi,Davis,35.0,HR-Florida,Inactive,3/6/2022,101571.25,heidi.davis@example.com,8150618537,Excellent,False,HR,Florida,Valid,Needs Verification
505,EMP1505,David,Smith,35.0,DevOps-Nevada,Active,11/6/2023,87424.46,david.smith@example.com,,Average,True,DevOps,Nevada,Invalid,Needs Verification
506,EMP1506,Frank,Garcia,30.0,HR-New York,Pending,11/30/2024,89077.36,frank.garcia@example.com,2727423182,Average,False,HR,New York,Valid,Needs Verification
507,EMP1507,Heidi,Williams,30.0,DevOps-California,Pending,7/13/2024,89132.22,heidi.williams@example.com,,Excellent,True,DevOps,California,Invalid,Needs Verification
508,EMP1508,Frank,Garcia,25.0,Admin-California,Active,3/4/2024,111000.26,frank.garcia@example.com,4969357823,Good,False,Admin,California,Valid,Needs Verification
509,EMP1509,Frank,Johnson,35.0,HR-Illinois,Inactive,8/7/2022,109584.97,frank.johnson@example.com,3477695873,Poor,True,HR,Illinois,Valid,Needs Verification
510,EMP1510,Bob,Smith,40.0,Admin-Illinois,Active,11/11/2024,97648.84,bob.smith@example.com,1314675360,Good,False,Admin,Illinois,Valid,Needs Verification
511,EMP1511,Grace,Johnson,25.0,Admin-New York,Active,12/2/2021,78643.43,grace.johnson@example.com,2751562778,Good,True,Admin,New York,Valid,Needs Verification
512,EMP1512,Heidi,Davis,30.0,HR-Nevada,Active,5/14/2024,55656.8,heidi.davis@example.com,6304483607,Good,True,HR,Nevada,Valid,Needs Verification
513,EMP1513,Charlie,Miller,35.0,DevOps-Texas,Active,7/14/2022,69146.95,charlie.miller@example.com,5456676639,Excellent,False,DevOps,Texas,Valid,Needs Verification
514,EMP1514,Charlie,Johnson,30.0,Admin-Florida,Active,9/22/2020,93013.58,charlie.johnson@example.com,4735047638,Average,True,Admin,Florida,Valid,Needs Verification
515,EMP1515,Grace,Williams,40.0,Finance-Florida,Active,3/18/2020,87364.78,grace.williams@example.com,2831995297,Good,False,Finance,Florida,Valid,Needs Verification
516,EMP1516,Alice,Garcia,35.0,Sales-New York,Active,10/17/2023,50288.67,alice.garcia@example.com,,Excellent,False,Sales,New York,Invalid,Needs Verification
517,EMP1517,David,Miller,35.0,HR-New York,Active,2/24/2022,85233.55,david.miller@example.com,3583286341,Good,True,HR,New York,Valid,Needs Verification
518,EMP1518,Bob,Garcia,25.0,HR-California,Inactive,1/30/2024,86420.19,bob.garcia@example.com,5563830007,Good,False,HR,California,Valid,Needs Verification
519,EMP1519,Grace,Johnson,30.0,HR-Florida,Inactive,3/16/2024,63189.82,grace.johnson@example.com,1867024402,Excellent,False,HR,Florida,Valid,Needs Verification
520,EMP1520,Grace,Garcia,25.0,Admin-New York,Pending,9/25/2020,64783.32,grace.garcia@example.com,3041662410,Average,False,Admin,New York,Valid,Needs Verification
521,EMP1521,Charlie,Davis,25.0,HR-Nevada,Pending,6/10/2024,52615.44,charlie.davis@example.com,1860089218,Average,False,HR,Nevada,Valid,Needs Verification
522,EMP1522,Eva,Miller,30.0,Sales-Texas,Pending,4/8/2020,96337.89,eva.miller@example.com,6394568043,Poor,False,Sales,Texas,Valid,Needs Verification
523,EMP1523,Alice,Davis,25.0,DevOps-Texas,Inactive,6/28/2022,76617.76,alice.davis@example.com,7314976460,Excellent,True,DevOps,Texas,Valid,Needs Verification
524,EMP1524,Heidi,Johnson,30.0,Admin-Nevada,Pending,7/14/2023,50651.32,heidi.johnson@example.com,3684748835,Poor,False,Admin,Nevada,Valid,Needs Verification
525,EMP1525,Bob,Davis,30.0,HR-Illinois,Pending,12/6/2023,59601.45,bob.davis@example.com,,Poor,False,HR,Illinois,Invalid,Needs Verification
526,EMP1526,Bob,Williams,30.0,DevOps-Illinois,Active,8/1/2021,57980.88,bob.williams@example.com,6375791451,Poor,False,DevOps,Illinois,Valid,Needs Verification
527,EMP1527,David,Johnson,30.0,Admin-California,Pending,2/17/2021,75054.53,david.johnson@example.com,1182379311,Average,False,Admin,California,Valid,Needs Verification
528,EMP1528,Charlie,Johnson,25.0,Sales-Florida,Active,11/10/2023,115318.7,charlie.johnson@example.com,6978930745,Excellent,False,Sales,Florida,Valid,Needs Verification
529,EMP1529,Alice,Johnson,25.0,DevOps-Texas,Active,9/6/2024,90190.69,alice.johnson@example.com,4520599603,Poor,True,DevOps,Texas,Valid,Needs Verification
530,EMP1530,Bob,Smith,30.0,Cloud Tech-Nevada,Pending,7/26/2020,113334.56,bob.smith@example.com,3878753576,Excellent,False,Cloud Tech,Nevada,Valid,Needs Verification
531,EMP1531,Heidi,Garcia,35.0,HR-Florida,Active,7/23/2020,106922.49,heidi.garcia@example.com,8811616201,Excellent,True,HR,Florida,Valid,Needs Verification
532,EMP1532,Eva,Smith,35.0,DevOps-California,Inactive,2/21/2024,58113.07,eva.smith@example.com,8123710671,Average,True,DevOps,California,Valid,Needs Verification
533,EMP1533,Alice,Smith,25.0,Admin-Nevada,Pending,12/15/2020,73006.26,alice.smith@example.com,8728660415,Poor,True,Admin,Nevada,Valid,Needs Verification
534,EMP1534,Eva,Williams,25.0,HR-California,Active,8/21/2020,78054.43,eva.williams@example.com,4485959223,Poor,True,HR,California,Valid,Needs Verification
535,EMP1535,Eva,Miller,40.0,DevOps-Florida,Inactive,8/21/2023,112028.67,eva.miller@example.com,8395894772,Excellent,False,DevOps,Florida,Valid,Needs Verification
536,EMP1536,Charlie,Garcia,25.0,Admin-Texas,Inactive,4/24/2023,83787.24,charlie.garcia@example.com,5228705621,Good,True,Admin,Texas,Valid,Needs Verification
537,EMP1537,Heidi,Davis,30.0,Sales-Florida,Inactive,6/6/2023,52017.14,heidi.davis@example.com,7104331874,Average,True,Sales,Florida,Valid,Needs Verification
538,EMP1538,Charlie,Jones,40.0,Finance-Texas,Inactive,6/21/2022,53218.06,charlie.jones@example.com,1097921582,Average,False,Finance,Texas,Valid,Needs Verification
539,EMP1539,Frank,Johnson,25.0,DevOps-Nevada,Pending,4/20/2024,102053.67,frank.johnson@example.com,5034469458,Average,False,DevOps,Nevada,Valid,Needs Verification
540,EMP1540,David,Davis,35.0,Sales-Illinois,Pending,12/5/2023,93276.73,david.davis@example.com,6488319212,Average,False,Sales,Illinois,Valid,Needs Verification
541,EMP1541,David,Johnson,40.0,HR-Nevada,Pending,8/6/2023,76941.36,david.johnson@example.com,4249128964,Poor,True,HR,Nevada,Valid,Needs Verification
542,EMP1542,Alice,Williams,25.0,DevOps-New York,Pending,10/4/2024,82850.23,alice.williams@example.com,9994973202,Poor,False,DevOps,New York,Valid,Needs Verification
543,EMP1543,Charlie,Johnson,25.0,Finance-California,Active,11/8/2021,117910.15,charlie.johnson@example.com,3192227050,Good,False,Finance,California,Valid,Needs Verification
544,EMP1544,David,Smith,30.0,DevOps-Florida,Inactive,7/31/2024,66450.0,david.smith@example.com,,Average,True,DevOps,Florida,Invalid,Needs Verification
545,EMP1545,Heidi,Garcia,25.0,Finance-Florida,Inactive,8/31/2020,118646.95,heidi.garcia@example.com,3866675484,Average,False,Finance,Florida,Valid,Needs Verification
546,EMP1546,Alice,Jones,25.0,Finance-Florida,Active,2/15/2023,88436.92,alice.jones@example.com,8193242686,Excellent,False,Finance,Florida,Valid,Needs Verification
547,EMP1547,Eva,Brown,30.0,Sales-New York,Pending,10/7/2023,81934.55,eva.brown@example.com,7418652056,Poor,False,Sales,New York,Valid,Needs Verification
548,EMP1548,Alice,Johnson,30.0,Finance-California,Pending,4/20/2024,93383.06,alice.johnson@example.com,5639836519,Average,False,Finance,California,Valid,Needs Verification
549,EMP1549,Frank,Davis,40.0,Cloud Tech-Texas,Pending,3/30/2021,50153.79,frank.davis@example.com,3758309450,Good,True,Cloud Tech,Texas,Valid,Needs Verification
550,EMP1550,Eva,Smith,30.0,Sales-California,Pending,8/5/2020,53204.47,eva.smith@example.com,5480940475,Good,False,Sales,California,Valid,Needs Verification
551,EMP1551,Charlie,Brown,40.0,Cloud Tech-California,Pending,2/5/2021,63128.04,charlie.brown@example.com,,Poor,False,Cloud Tech,California,Invalid,Needs Verification
552,EMP1552,Grace,Jones,30.0,Finance-New York,Pending,11/23/2021,57543.6,grace.jones@example.com,2781050921,Good,True,Finance,New York,Valid,Needs Verification
553,EMP1553,Bob,Brown,40.0,Finance-Nevada,Pending,10/29/2022,59424.52,bob.brown@example.com,2161070517,Good,False,Finance,Nevada,Valid,Needs Verification
554,EMP1554,Alice,Smith,30.0,Finance-Illinois,Inactive,11/7/2022,104675.7,alice.smith@example.com,4390552957,Poor,True,Finance,Illinois,Valid,Needs Verification
555,EMP1555,Charlie,Garcia,30.0,Cloud Tech-Florida,Pending,5/14/2023,92431.25,charlie.garcia@example.com,,Average,False,Cloud Tech,Florida,Invalid,Needs Verification
556,EMP1556,Grace,Garcia,40.0,Sales-Nevada,Active,7/14/2021,77850.9,grace.garcia@example.com,2704938619,Average,True,Sales,Nevada,Valid,Needs Verification
557,EMP1557,Eva,Miller,40.0,Admin-New York,Inactive,5/18/2023,99001.0,eva.miller@example.com,4485157918,Good,True,Admin,New York,Valid,Needs Verification
558,EMP1558,Eva,Garcia,30.0,HR-Nevada,Pending,2/7/2023,94280.83,eva.garcia@example.com,7111212589,Good,True,HR,Nevada,Valid,Needs Verification
559,EMP1559,Eva,Miller,35.0,DevOps-New York,Pending,8/24/2023,118262.56,eva.miller@example.com,2035713431,Average,True,DevOps,New York,Valid,Needs Verification
560,EMP1560,Frank,Brown,25.0,HR-Illinois,Inactive,4/8/2023,89944.67,frank.brown@example.com,4064242955,Poor,False,HR,Illinois,Valid,Needs Verification
561,EMP1561,Grace,Williams,30.0,HR-Florida,Active,12/6/2022,57452.93,grace.williams@example.com,3343244740,Good,True,HR,Florida,Valid,Needs Verification
562,EMP1562,Alice,Davis,25.0,Admin-California,Active,8/9/2021,97837.32,alice.davis@example.com,7595587208,Excellent,False,Admin,California,Valid,Needs Verification
563,EMP1563,Alice,Davis,35.0,Admin-Illinois,Active,1/4/2022,106981.84,alice.davis@example.com,6289365434,Poor,True,Admin,Illinois,Valid,Needs Verification
564,EMP1564,David,Brown,30.0,Finance-New York,Pending,5/25/2024,105778.36,david.brown@example.com,8841834373,Good,True,Finance,New York,Valid,Needs Verification
565,EMP1565,Alice,Johnson,40.0,Finance-Florida,Pending,10/2/2021,117608.32,alice.johnson@example.com,,Good,True,Finance,Florida,Invalid,Needs Verification
566,EMP1566,Eva,Johnson,30.0,Sales-Florida,Active,7/21/2023,99324.03,eva.johnson@example.com,9690515025,Excellent,False,Sales,Florida,Valid,Needs Verification
567,EMP1567,David,Garcia,30.0,HR-Florida,Active,10/30/2023,55212.83,david.garcia@example.com,7551254277,Excellent,True,HR,Florida,Valid,Needs Verification
568,EMP1568,Bob,Davis,40.0,Cloud Tech-Florida,Inactive,2/13/2023,68496.77,bob.davis@example.com,2079799666,Average,False,Cloud Tech,Florida,Valid,Needs Verification
569,EMP1569,Eva,Davis,25.0,HR-Florida,Pending,11/13/2020,52795.84,eva.davis@example.com,3459576402,Poor,False,HR,Florida,Valid,Needs Verification
570,EMP1570,Alice,Miller,30.0,DevOps-California,Inactive,6/5/2024,90087.39,alice.miller@example.com,8166496901,Poor,False,DevOps,California,Valid,Needs Verification
571,EMP1571,Frank,Williams,30.0,Admin-New York,Pending,5/19/2020,105038.08,frank.williams@example.com,8249839224,Average,False,Admin,New York,Valid,Needs Verification
572,EMP1572,Grace,Smith,25.0,HR-New York,Active,9/20/2023,73231.85,grace.smith@example.com,,Poor,False,HR,New York,Invalid,Needs Verification
573,EMP1573,David,Johnson,30.0,Sales-Florida,Pending,8/13/2024,102649.36,david.johnson@example.com,2324412335,Poor,False,Sales,Florida,Valid,Needs Verification
574,EMP1574,Bob,Davis,35.0,Finance-New York,Pending,6/10/2023,114302.51,bob.davis@example.com,1328507250,Poor,False,Finance,New York,Valid,Needs Verification
575,EMP1575,Alice,Miller,35.0,Finance-Texas,Inactive,6/9/2021,87816.61,alice.miller@example.com,7863767315,Poor,False,Finance,Texas,Valid,Needs Verification
576,EMP1576,Frank,Jones,30.0,Sales-Florida,Inactive,3/30/2020,70750.38,frank.jones@example.com,2526546967,Poor,False,Sales,Florida,Valid,Needs Verification
577,EMP1577,Frank,Miller,30.0,Cloud Tech-Texas,Active,5/2/2024,85547.87,frank.miller@example.com,1579039234,Excellent,True,Cloud Tech,Texas,Valid,Needs Verification
578,EMP1578,Bob,Johnson,30.0,DevOps-Nevada,Active,11/6/2024,97978.36,bob.johnson@example.com,5580996131,Poor,True,DevOps,Nevada,Valid,Needs Verification
579,EMP1579,David,Johnson,30.0,DevOps-Nevada,Inactive,8/17/2023,107172.8,david.johnson@example.com,7303461561,Excellent,True,DevOps,Nevada,Valid,Needs Verification
580,EMP1580,Charlie,Miller,25.0,Finance-Nevada,Inactive,3/18/2020,56126.46,charlie.miller@example.com,6244670461,Poor,True,Finance,Nevada,Valid,Needs Verification
581,EMP1581,Eva,Smith,30.0,Cloud Tech-Illinois,Active,6/13/2021,78534.29,eva.smith@example.com,2681715159,Average,True,Cloud Tech,Illinois,Valid,Needs Verification
582,EMP1582,Grace,Brown,40.0,HR-Texas,Inactive,10/10/2023,85547.87,grace.brown@example.com,2529867075,Good,False,HR,Texas,Valid,Needs Verification
583,EMP1583,Bob,Johnson,30.0,Cloud Tech-Nevada,Active,1/2/2022,114963.34,bob.johnson@example.com,6046419784,Excellent,False,Cloud Tech,Nevada,Valid,Needs Verification
584,EMP1584,Eva,Miller,30.0,Cloud Tech-California,Inactive,2/20/2022,77657.93,eva.miller@example.com,7585126860,Poor,False,Cloud Tech,California,Valid,Needs Verification
585,EMP1585,Heidi,Davis,30.0,Sales-New York,Active,3/9/2024,77369.48,heidi.davis@example.com,2059438975,Average,False,Sales,New York,Valid,Needs Verification
586,EMP1586,Eva,Miller,30.0,HR-Nevada,Pending,8/19/2023,76119.14,eva.miller@example.com,,Good,False,HR,Nevada,Invalid,Needs Verification
587,EMP1587,Charlie,Williams,25.0,Cloud Tech-Texas,Pending,5/6/2023,77585.72,charlie.williams@example.com,5465408423,Excellent,False,Cloud Tech,Texas,Valid,Needs Verification
588,EMP1588,Bob,Brown,35.0,Admin-Nevada,Pending,1/26/2024,74069.62,bob.brown@example.com,5607540914,Good,False,Admin,Nevada,Valid,Needs Verification
589,EMP1589,Charlie,Jones,30.0,Admin-New York,Pending,9/5/2024,67691.92,charlie.jones@example.com,,Average,True,Admin,New York,Invalid,Needs Verification
590,EMP1590,Alice,Smith,30.0,Finance-Nevada,Pending,5/29/2020,70345.69,alice.smith@example.com,7645793896,Excellent,True,Finance,Nevada,Valid,Needs Verification
591,EMP1591,Bob,Garcia,30.0,DevOps-Illinois,Inactive,11/8/2021,74999.69,bob.garcia@example.com,,Good,True,DevOps,Illinois,Invalid,Needs Verification
592,EMP1592,David,Jones,25.0,HR-Illinois,Active,1/31/2021,72245.02,david.jones@example.com,1546602415,Poor,True,HR,Illinois,Valid,Needs Verification
593,EMP1593,Eva,Brown,30.0,Admin-Illinois,Pending,1/16/2022,106538.98,eva.brown@example.com,1394498829,Excellent,False,Admin,Illinois,Valid,Needs Verification
594,EMP1594,Charlie,Brown,25.0,HR-New York,Active,12/29/2023,101787.14,charlie.brown@example.com,5973642479,Good,False,HR,New York,Valid,Needs Verification
595,EMP1595,Frank,Brown,30.0,DevOps-Nevada,Inactive,12/2/2024,83596.78,frank.brown@example.com,9624406305,Average,False,DevOps,Nevada,Valid,Needs Verification
596,EMP1596,Eva,Jones,40.0,Sales-Texas,Active,8/15/2023,92463.94,eva.jones@example.com,2447951329,Average,True,Sales,Texas,Valid,Needs Verification
597,EMP1597,Charlie,Davis,30.0,Admin-California,Pending,12/20/2024,93863.32,charlie.davis@example.com,5319497968,Excellent,False,Admin,California,Valid,Needs Verification
598,EMP1598,Alice,Brown,30.0,DevOps-Texas,Pending,3/31/2023,78359.41,alice.brown@example.com,5867805554,Good,False,DevOps,Texas,Valid,Needs Verification
599,EMP1599,Alice,Miller,30.0,HR-Illinois,Pending,8/24/2022,95773.57,alice.miller@example.com,7277382645,Excellent,False,HR,Illinois,Valid,Needs Verification
600,EMP1600,Grace,Jones,30.0,Sales-Nevada,Inactive,10/1/2020,82529.08,grace.jones@example.com,,Excellent,True,Sales,Nevada,Invalid,Needs Verification
601,EMP1601,Grace,Garcia,35.0,Sales-Texas,Pending,5/4/2021,109358.73,grace.garcia@example.com,4457702991,Good,False,Sales,Texas,Valid,Needs Verification
602,EMP1602,Charlie,Brown,30.0,Admin-Florida,Active,1/1/2021,89645.01,charlie.brown@example.com,9596604872,Good,True,Admin,Florida,Valid,Needs Verification
603,EMP1603,Charlie,Miller,40.0,HR-Texas,Active,4/8/2024,84134.95,charlie.miller@example.com,6826911632,Poor,True,HR,Texas,Valid,Needs Verification
604,EMP1604,Frank,Davis,30.0,Cloud Tech-Nevada,Active,11/26/2022,113540.83,frank.davis@example.com,1942268652,Good,True,Cloud Tech,Nevada,Valid,Needs Verification
605,EMP1605,Heidi,Williams,40.0,Cloud Tech-Texas,Pending,10/25/2021,57225.75,heidi.williams@example.com,6945515887,Average,True,Cloud Tech,Texas,Valid,Needs Verification
606,EMP1606,Eva,Davis,35.0,Sales-Illinois,Pending,12/22/2020,76366.17,eva.davis@example.com,6367747225,Excellent,False,Sales,Illinois,Valid,Needs Verification
607,EMP1607,Bob,Garcia,30.0,HR-Florida,Active,11/23/2022,78408.95,bob.garcia@example.com,4085721695,Excellent,True,HR,Florida,Valid,Needs Verification
608,EMP1608,Frank,Brown,40.0,Finance-Illinois,Active,10/24/2022,111742.4,frank.brown@example.com,6630932997,Average,True,Finance,Illinois,Valid,Needs Verification
609,EMP1609,David,Garcia,25.0,Sales-Nevada,Inactive,3/9/2021,60516.83,david.garcia@example.com,1996059328,Good,False,Sales,Nevada,Valid,Needs Verification
610,EMP1610,Bob,Jones,30.0,Finance-California,Pending,8/20/2020,83706.17,bob.jones@example.com,7150968831,Average,False,Finance,California,Valid,Needs Verification
611,EMP1611,David,Johnson,30.0,Admin-Nevada,Inactive,2/15/2020,67056.92,david.johnson@example.com,7532735240,Average,True,Admin,Nevada,Valid,Needs Verification
612,EMP1612,Charlie,Brown,30.0,DevOps-Illinois,Active,12/29/2024,90058.85,charlie.brown@example.com,,Poor,False,DevOps,Illinois,Invalid,Needs Verification
613,EMP1613,Eva,Johnson,30.0,Sales-Florida,Pending,2/28/2023,94633.59,eva.johnson@example.com,7819523709,Average,True,Sales,Florida,Valid,Needs Verification
614,EMP1614,Eva,Miller,25.0,Admin-Florida,Pending,8/23/2022,110711.17,eva.miller@example.com,,Excellent,True,Admin,Florida,Invalid,Needs Verification
615,EMP1615,Grace,Williams,30.0,Admin-Illinois,Active,6/30/2023,96175.41,grace.williams@example.com,9807704604,Average,True,Admin,Illinois,Valid,Needs Verification
616,EMP1616,Frank,Smith,40.0,Sales-Illinois,Active,4/15/2021,76474.79,frank.smith@example.com,6876112490,Excellent,True,Sales,Illinois,Valid,Needs Verification
617,EMP1617,Alice,Garcia,30.0,Sales-Illinois,Pending,5/9/2022,107855.99,alice.garcia@example.com,2565237340,Excellent,False,Sales,Illinois,Valid,Needs Verification
618,EMP1618,Charlie,Davis,40.0,Sales-Illinois,Active,12/2/2024,104870.78,charlie.davis@example.com,5177345474,Excellent,True,Sales,Illinois,Valid,Needs Verification
619,EMP1619,Bob,Williams,25.0,Finance-Nevada,Active,5/20/2023,85547.87,bob.williams@example.com,7494902283,Good,False,Finance,Nevada,Valid,Needs Verification
620,EMP1620,Grace,Brown,30.0,Finance-California,Active,11/29/2023,87087.16,grace.brown@example.com,,Poor,False,Finance,California,Invalid,Needs Verification
621,EMP1621,Heidi,Johnson,40.0,HR-Illinois,Pending,4/8/2024,108603.34,heidi.johnson@example.com,7742229463,Excellent,False,HR,Illinois,Valid,Needs Verification
622,EMP1622,Grace,Davis,30.0,HR-Florida,Active,10/25/2024,55867.23,grace.davis@example.com,3039429044,Excellent,False,HR,Florida,Valid,Needs Verification
623,EMP1623,Grace,Johnson,35.0,Admin-Texas,Pending,3/2/2024,105259.57,grace.johnson@example.com,8867925297,Good,True,Admin,Texas,Valid,Needs Verification
624,EMP1624,Bob,Jones,30.0,Cloud Tech-Florida,Pending,2/24/2021,98143.67,bob.jones@example.com,5856728726,Excellent,False,Cloud Tech,Florida,Valid,Needs Verification
625,EMP1625,Frank,Johnson,25.0,Admin-Florida,Pending,4/13/2023,67754.29,frank.johnson@example.com,6015343323,Average,True,Admin,Florida,Valid,Needs Verification
626,EMP1626,Grace,Jones,30.0,HR-Illinois,Inactive,10/25/2023,77821.79,grace.jones@example.com,9135779082,Average,False,HR,Illinois,Valid,Needs Verification
627,EMP1627,Heidi,Miller,30.0,HR-Illinois,Pending,9/17/2022,67764.44,heidi.miller@example.com,3506158147,Poor,False,HR,Illinois,Valid,Needs Verification
628,EMP1628,Frank,Davis,40.0,DevOps-New York,Pending,8/31/2020,102346.99,frank.davis@example.com,8810798333,Excellent,True,DevOps,New York,Valid,Needs Verification
629,EMP1629,Charlie,Davis,25.0,Admin-Illinois,Inactive,5/28/2024,73690.65,charlie.davis@example.com,2337209483,Good,True,Admin,Illinois,Valid,Needs Verification
630,EMP1630,Alice,Smith,30.0,Finance-Nevada,Active,7/5/2024,56376.2,alice.smith@example.com,1312840332,Average,True,Finance,Nevada,Valid,Needs Verification
631,EMP1631,Grace,Brown,25.0,Cloud Tech-California,Active,1/29/2022,55602.78,grace.brown@example.com,9977180512,Good,False,Cloud Tech,California,Valid,Needs Verification
632,EMP1632,Grace,Jones,40.0,Sales-Nevada,Pending,8/9/2021,99812.41,grace.jones@example.com,7171731892,Good,False,Sales,Nevada,Valid,Needs Verification
633,EMP1633,Charlie,Smith,40.0,Finance-Texas,Active,10/7/2024,95981.9,charlie.smith@example.com,9749096172,Average,True,Finance,Texas,Valid,Needs Verification
634,EMP1634,Eva,Johnson,30.0,Cloud Tech-Illinois,Pending,11/22/2022,98891.48,eva.johnson@example.com,9970469471,Good,True,Cloud Tech,Illinois,Valid,Needs Verification
635,EMP1635,Alice,Johnson,35.0,Admin-Nevada,Active,11/18/2020,56079.0,alice.johnson@example.com,5878444834,Average,True,Admin,Nevada,Valid,Needs Verification
636,EMP1636,Grace,Smith,35.0,DevOps-Florida,Inactive,4/15/2023,85547.87,grace.smith@example.com,4884712704,Good,True,DevOps,Florida,Valid,Needs Verification
637,EMP1637,Bob,Davis,25.0,Sales-California,Pending,8/26/2024,89137.97,bob.davis@example.com,8772216416,Average,False,Sales,California,Valid,Needs Verification
638,EMP1638,Frank,Johnson,35.0,Admin-Illinois,Active,7/20/2022,115079.97,frank.johnson@example.com,5823133483,Excellent,True,Admin,Illinois,Valid,Needs Verification
639,EMP1639,Eva,Garcia,30.0,Finance-Illinois,Active,2/18/2023,55067.02,eva.garcia@example.com,5871493924,Poor,True,Finance,Illinois,Valid,Needs Verification
640,EMP1640,Bob,Miller,30.0,HR-Illinois,Pending,5/27/2021,98593.43,bob.miller@example.com,2362292586,Average,True,HR,Illinois,Valid,Needs Verification
641,EMP1641,Heidi,Miller,30.0,HR-Florida,Pending,8/1/2022,112756.67,heidi.miller@example.com,9643474523,Average,True,HR,Florida,Valid,Needs Verification
642,EMP1642,Heidi,Garcia,25.0,HR-Texas,Inactive,7/21/2023,105205.92,heidi.garcia@example.com,5557469659,Poor,False,HR,Texas,Valid,Needs Verification
643,EMP1643,David,Smith,35.0,Finance-California,Pending,1/2/2023,50680.62,david.smith@example.com,6065274032,Average,True,Finance,California,Valid,Needs Verification
644,EMP1644,David,Garcia,35.0,Cloud Tech-Florida,Pending,3/13/2024,107475.23,david.garcia@example.com,4450566587,Average,False,Cloud Tech,Florida,Valid,Needs Verification
645,EMP1645,Charlie,Jones,40.0,HR-California,Active,3/20/2023,68835.3,charlie.jones@example.com,3398741131,Good,True,HR,California,Valid,Needs Verification
646,EMP1646,David,Jones,40.0,DevOps-New York,Active,2/15/2024,66943.96,david.jones@example.com,5797067348,Poor,True,DevOps,New York,Valid,Needs Verification
647,EMP1647,David,Smith,30.0,Admin-Illinois,Inactive,11/15/2020,104525.69,david.smith@example.com,9601054856,Excellent,False,Admin,Illinois,Valid,Needs Verification
648,EMP1648,Bob,Garcia,40.0,Sales-Texas,Pending,3/27/2020,109360.74,bob.garcia@example.com,4172156228,Average,True,Sales,Texas,Valid,Needs Verification
649,EMP1649,Frank,Jones,40.0,Sales-California,Inactive,1/9/2021,118907.63,frank.jones@example.com,4938173597,Poor,False,Sales,California,Valid,Needs Verification
650,EMP1650,Eva,Davis,40.0,Admin-Illinois,Active,4/20/2020,86801.48,eva.davis@example.com,4884021556,Good,False,Admin,Illinois,Valid,Needs Verification
651,EMP1651,Alice,Garcia,30.0,HR-Florida,Pending,5/8/2024,62236.03,alice.garcia@example.com,3257375533,Excellent,True,HR,Florida,Valid,Needs Verification
652,EMP1652,Heidi,Davis,35.0,DevOps-Texas,Active,10/12/2023,64752.67,heidi.davis@example.com,4902166669,Poor,False,DevOps,Texas,Valid,Needs Verification
653,EMP1653,Frank,Jones,35.0,Sales-California,Active,1/28/2023,68399.43,frank.jones@example.com,8085096084,Excellent,False,Sales,California,Valid,Needs Verification
654,EMP1654,Frank,Miller,35.0,Admin-Florida,Inactive,3/7/2021,79336.51,frank.miller@example.com,8749511917,Excellent,False,Admin,Florida,Valid,Needs Verification
655,EMP1655,Frank,Jones,40.0,HR-Florida,Active,3/16/2023,59179.74,frank.jones@example.com,1828197930,Excellent,False,HR,Florida,Valid,Needs Verification
656,EMP1656,David,Davis,25.0,DevOps-California,Active,2/11/2023,80255.31,david.davis@example.com,6477251294,Average,False,DevOps,California,Valid,Needs Verification
657,EMP1657,Charlie,Williams,30.0,Finance-Texas,Active,5/13/2022,84971.85,charlie.williams@example.com,7860694095,Average,False,Finance,Texas,Valid,Needs Verification
658,EMP1658,Frank,Brown,40.0,HR-California,Pending,10/24/2024,89748.42,frank.brown@example.com,,Good,False,HR,California,Invalid,Needs Verification
659,EMP1659,Charlie,Johnson,25.0,Admin-California,Inactive,9/14/2024,94090.35,charlie.johnson@example.com,8739592322,Good,False,Admin,California,Valid,Needs Verification
660,EMP1660,Frank,Garcia,35.0,HR-California,Pending,2/15/2023,115229.12,frank.garcia@example.com,4210890284,Poor,True,HR,California,Valid,Needs Verification
661,EMP1661,Alice,Williams,40.0,Cloud Tech-California,Pending,5/25/2023,63927.07,alice.williams@example.com,1553334263,Good,True,Cloud Tech,California,Valid,Needs Verification
662,EMP1662,Charlie,Jones,35.0,HR-California,Pending,11/11/2022,84124.56,charlie.jones@example.com,3350271606,Excellent,False,HR,California,Valid,Needs Verification
663,EMP1663,Bob,Miller,40.0,Sales-California,Inactive,7/17/2023,116961.61,bob.miller@example.com,3607763368,Excellent,True,Sales,California,Valid,Needs Verification
664,EMP1664,Frank,Smith,40.0,DevOps-Illinois,Pending,4/8/2022,109423.05,frank.smith@example.com,1128981230,Average,False,DevOps,Illinois,Valid,Needs Verification
665,EMP1665,Charlie,Jones,35.0,Admin-California,Inactive,8/30/2023,70394.94,charlie.jones@example.com,7955633184,Excellent,False,Admin,California,Valid,Needs Verification
666,EMP1666,Grace,Miller,35.0,Finance-California,Pending,4/17/2023,86465.5,grace.miller@example.com,7481700665,Poor,True,Finance,California,Valid,Needs Verification
667,EMP1667,Charlie,Brown,30.0,Cloud Tech-New York,Pending,4/25/2021,96341.58,charlie.brown@example.com,1554164315,Excellent,False,Cloud Tech,New York,Valid,Needs Verification
668,EMP1668,Bob,Jones,30.0,Admin-Florida,Active,7/14/2020,54465.47,bob.jones@example.com,7045023289,Excellent,False,Admin,Florida,Valid,Needs Verification
669,EMP1669,Alice,Davis,25.0,Finance-Illinois,Active,7/31/2020,68371.66,alice.davis@example.com,2822700933,Poor,False,Finance,Illinois,Valid,Needs Verification
670,EMP1670,Grace,Smith,35.0,Admin-New York,Pending,8/4/2021,81021.23,grace.smith@example.com,5962622821,Good,False,Admin,New York,Valid,Needs Verification
671,EMP1671,Charlie,Miller,25.0,Cloud Tech-Nevada,Inactive,10/28/2024,114069.07,charlie.miller@example.com,5120734653,Good,True,Cloud Tech,Nevada,Valid,Needs Verification
672,EMP1672,Heidi,Miller,30.0,HR-Illinois,Inactive,10/3/2020,117867.96,heidi.miller@example.com,9500507025,Poor,False,HR,Illinois,Valid,Needs Verification
673,EMP1673,Charlie,Miller,30.0,Sales-Florida,Pending,3/13/2024,94509.58,charlie.miller@example.com,,Average,False,Sales,Florida,Invalid,Needs Verification
674,EMP1674,Eva,Brown,35.0,Finance-Illinois,Active,7/6/2024,56268.78,eva.brown@example.com,3161177686,Excellent,False,Finance,Illinois,Valid,Needs Verification
675,EMP1675,Grace,Jones,35.0,Admin-California,Active,1/1/2020,86632.14,grace.jones@example.com,2904774257,Poor,True,Admin,California,Valid,Needs Verification
676,EMP1676,Charlie,Brown,35.0,HR-Florida,Pending,1/18/2020,98143.9,charlie.brown@example.com,5917793237,Excellent,False,HR,Florida,Valid,Needs Verification
677,EMP1677,Heidi,Garcia,35.0,Cloud Tech-Florida,Inactive,5/7/2023,85547.87,heidi.garcia@example.com,2231164912,Average,True,Cloud Tech,Florida,Valid,Needs Verification
678,EMP1678,Frank,Johnson,30.0,Finance-Illinois,Inactive,3/19/2022,67492.73,frank.johnson@example.com,3424579888,Excellent,True,Finance,Illinois,Valid,Needs Verification
679,EMP1679,Grace,Johnson,40.0,Admin-California,Active,5/14/2022,93772.61,grace.johnson@example.com,4256529059,Poor,False,Admin,California,Valid,Needs Verification
680,EMP1680,Eva,Garcia,35.0,DevOps-Nevada,Pending,7/14/2024,68817.54,eva.garcia@example.com,3202032649,Excellent,False,DevOps,Nevada,Valid,Needs Verification
681,EMP1681,Bob,Jones,30.0,Admin-California,Active,7/28/2023,81874.01,bob.jones@example.com,9775396736,Good,True,Admin,California,Valid,Needs Verification
682,EMP1682,Heidi,Davis,30.0,HR-Texas,Active,4/11/2020,117880.14,heidi.davis@example.com,9487148551,Average,False,HR,Texas,Valid,Needs Verification
683,EMP1683,Bob,Brown,35.0,HR-New York,Pending,6/16/2022,100897.49,bob.brown@example.com,4578715840,Average,True,HR,New York,Valid,Needs Verification
684,EMP1684,Charlie,Smith,25.0,Finance-New York,Inactive,5/10/2022,71810.37,charlie.smith@example.com,5608213710,Average,True,Finance,New York,Valid,Needs Verification
685,EMP1685,Frank,Miller,40.0,DevOps-Texas,Inactive,6/13/2020,109048.24,frank.miller@example.com,8425476817,Poor,False,DevOps,Texas,Valid,Needs Verification
686,EMP1686,Alice,Miller,35.0,Finance-Texas,Pending,8/20/2022,62712.26,alice.miller@example.com,2683230357,Average,False,Finance,Texas,Valid,Needs Verification
687,EMP1687,Eva,Jones,40.0,Cloud Tech-Texas,Pending,5/24/2021,76935.85,eva.jones@example.com,9298808582,Good,True,Cloud Tech,Texas,Valid,Needs Verification
688,EMP1688,David,Davis,25.0,Admin-Florida,Pending,4/27/2024,56577.22,david.davis@example.com,8252129327,Poor,True,Admin,Florida,Valid,Needs Verification
689,EMP1689,David,Johnson,40.0,Finance-Nevada,Inactive,10/23/2021,61102.8,david.johnson@example.com,9634064685,Good,True,Finance,Nevada,Valid,Needs Verification
690,EMP1690,Bob,Johnson,35.0,Finance-Nevada,Inactive,2/10/2021,75229.87,bob.johnson@example.com,7752401483,Excellent,True,Finance,Nevada,Valid,Needs Verification
691,EMP1691,David,Miller,25.0,Admin-Nevada,Inactive,10/26/2021,51054.74,david.miller@example.com,3991062271,Excellent,False,Admin,Nevada,Valid,Needs Verification
692,EMP1692,Bob,Jones,40.0,Admin-Texas,Active,4/5/2023,104843.27,bob.jones@example.com,3626693350,Excellent,False,Admin,Texas,Valid,Needs Verification
693,EMP1693,Charlie,Brown,35.0,Cloud Tech-New York,Active,10/20/2022,56398.11,charlie.brown@example.com,3426192371,Excellent,False,Cloud Tech,New York,Valid,Needs Verification
694,EMP1694,Alice,Johnson,25.0,HR-Nevada,Active,12/7/2023,87544.73,alice.johnson@example.com,4501848196,Good,False,HR,Nevada,Valid,Needs Verification
695,EMP1695,Heidi,Brown,30.0,HR-Illinois,Pending,3/29/2024,74312.24,heidi.brown@example.com,3741897214,Poor,False,HR,Illinois,Valid,Needs Verification
696,EMP1696,David,Davis,25.0,DevOps-Florida,Inactive,1/23/2024,59431.25,david.davis@example.com,4064176926,Poor,True,DevOps,Florida,Valid,Needs Verification
697,EMP1697,Heidi,Johnson,40.0,Sales-California,Pending,11/28/2023,84306.44,heidi.johnson@example.com,4381199536,Average,False,Sales,California,Valid,Needs Verification
698,EMP1698,Frank,Johnson,35.0,DevOps-Florida,Inactive,11/11/2024,108194.47,frank.johnson@example.com,6601444855,Good,False,DevOps,Florida,Valid,Needs Verification
699,EMP1699,Charlie,Williams,25.0,Sales-New York,Inactive,8/28/2021,107359.3,charlie.williams@example.com,4510173972,Excellent,False,Sales,New York,Valid,Needs Verification
700,EMP1700,Heidi,Johnson,25.0,DevOps-Illinois,Inactive,2/11/2024,85547.87,heidi.johnson@example.com,9641789968,Good,False,DevOps,Illinois,Valid,Needs Verification
701,EMP1701,Frank,Garcia,30.0,Admin-California,Pending,5/9/2020,96080.26,frank.garcia@example.com,8609191910,Average,False,Admin,California,Valid,Needs Verification
702,EMP1702,Grace,Smith,30.0,Sales-Nevada,Inactive,4/17/2024,88602.75,grace.smith@example.com,3599660576,Average,True,Sales,Nevada,Valid,Needs Verification
703,EMP1703,Frank,Garcia,40.0,DevOps-California,Active,7/16/2020,86624.04,frank.garcia@example.com,9806603919,Good,True,DevOps,California,Valid,Needs Verification
704,EMP1704,Charlie,Jones,30.0,Cloud Tech-New York,Active,9/21/2022,63413.16,charlie.jones@example.com,5146074554,Good,True,Cloud Tech,New York,Valid,Needs Verification
705,EMP1705,Grace,Jones,40.0,Sales-Illinois,Pending,4/23/2023,67915.7,grace.jones@example.com,3470574237,Good,False,Sales,Illinois,Valid,Needs Verification
706,EMP1706,Bob,Brown,25.0,Admin-Nevada,Inactive,12/27/2024,108245.44,bob.brown@example.com,8565271558,Poor,True,Admin,Nevada,Valid,Needs Verification
707,EMP1707,Alice,Garcia,35.0,Sales-Nevada,Inactive,8/10/2024,75834.81,alice.garcia@example.com,8354116596,Excellent,True,Sales,Nevada,Valid,Needs Verification
708,EMP1708,Eva,Garcia,30.0,Cloud Tech-Nevada,Active,9/4/2024,71273.32,eva.garcia@example.com,2634755751,Good,False,Cloud Tech,Nevada,Valid,Needs Verification
709,EMP1709,Bob,Garcia,25.0,DevOps-New York,Pending,2/28/2022,63262.23,bob.garcia@example.com,2501394883,Good,False,DevOps,New York,Valid,Needs Verification
710,EMP1710,David,Davis,30.0,DevOps-New York,Pending,3/14/2024,89069.91,david.davis@example.com,8826913118,Good,False,DevOps,New York,Valid,Needs Verification
711,EMP1711,Frank,Johnson,40.0,DevOps-Nevada,Inactive,12/13/2024,57287.17,frank.johnson@example.com,6425856260,Average,True,DevOps,Nevada,Valid,Needs Verification
712,EMP1712,Grace,Smith,30.0,HR-Nevada,Active,12/29/2022,119890.35,grace.smith@example.com,4991537037,Average,True,HR,Nevada,Valid,Needs Verification
713,EMP1713,Frank,Brown,35.0,Sales-California,Inactive,4/24/2022,103492.91,frank.brown@example.com,2407333372,Poor,False,Sales,California,Valid,Needs Verification
714,EMP1714,Frank,Garcia,30.0,Admin-Illinois,Pending,3/14/2021,76254.42,frank.garcia@example.com,2043097767,Excellent,False,Admin,Illinois,Valid,Needs Verification
715,EMP1715,Eva,Garcia,35.0,Finance-Florida,Inactive,1/1/2020,100841.93,eva.garcia@example.com,8936289695,Poor,True,Finance,Florida,Valid,Needs Verification
716,EMP1716,Alice,Williams,30.0,Admin-California,Active,9/7/2021,118907.61,alice.williams@example.com,4546553584,Excellent,True,Admin,California,Valid,Needs Verification
717,EMP1717,Frank,Brown,25.0,DevOps-California,Pending,11/13/2022,88942.62,frank.brown@example.com,1253892186,Average,False,DevOps,California,Valid,Needs Verification
718,EMP1718,Charlie,Garcia,25.0,Cloud Tech-Florida,Inactive,11/15/2020,59688.57,charlie.garcia@example.com,8519358373,Average,False,Cloud Tech,Florida,Valid,Needs Verification
719,EMP1719,David,Brown,30.0,HR-California,Active,3/14/2023,77985.88,david.brown@example.com,9079779611,Average,True,HR,California,Valid,Needs Verification
720,EMP1720,Bob,Johnson,35.0,Finance-New York,Inactive,8/18/2024,112931.69,bob.johnson@example.com,,Poor,False,Finance,New York,Invalid,Needs Verification
721,EMP1721,Bob,Williams,30.0,DevOps-California,Active,2/5/2024,106583.88,bob.williams@example.com,1494097625,Good,True,DevOps,California,Valid,Needs Verification
722,EMP1722,Alice,Brown,35.0,HR-Florida,Inactive,11/12/2024,58437.84,alice.brown@example.com,3748453985,Good,True,HR,Florida,Valid,Needs Verification
723,EMP1723,Alice,Smith,40.0,Cloud Tech-California,Pending,3/25/2020,72352.16,alice.smith@example.com,2895090590,Average,True,Cloud Tech,California,Valid,Needs Verification
724,EMP1724,Frank,Smith,30.0,DevOps-New York,Active,4/13/2020,97154.47,frank.smith@example.com,1918623391,Good,True,DevOps,New York,Valid,Needs Verification
725,EMP1725,Heidi,Jones,30.0,Sales-Illinois,Active,3/30/2021,80235.5,heidi.jones@example.com,2071511695,Good,False,Sales,Illinois,Valid,Needs Verification
726,EMP1726,Charlie,Williams,30.0,HR-Texas,Inactive,3/16/2023,102172.05,charlie.williams@example.com,6672521451,Poor,False,HR,Texas,Valid,Needs Verification
727,EMP1727,Eva,Williams,25.0,Finance-Illinois,Inactive,5/3/2024,98850.94,eva.williams@example.com,6471246334,Excellent,True,Finance,Illinois,Valid,Needs Verification
728,EMP1728,Heidi,Jones,30.0,Admin-Florida,Inactive,8/28/2023,89993.15,heidi.jones@example.com,1571840907,Average,True,Admin,Florida,Valid,Needs Verification
729,EMP1729,David,Brown,30.0,Cloud Tech-California,Inactive,10/24/2021,97931.66,david.brown@example.com,,Average,True,Cloud Tech,California,Invalid,Needs Verification
730,EMP1730,Bob,Williams,40.0,Finance-California,Inactive,1/25/2021,72451.69,bob.williams@example.com,4099512396,Poor,True,Finance,California,Valid,Needs Verification
731,EMP1731,Alice,Smith,35.0,Admin-California,Pending,8/9/2024,119311.14,alice.smith@example.com,2835129591,Poor,True,Admin,California,Valid,Needs Verification
732,EMP1732,Charlie,Smith,40.0,Cloud Tech-New York,Active,11/4/2023,76167.46,charlie.smith@example.com,7282709080,Good,False,Cloud Tech,New York,Valid,Needs Verification
733,EMP1733,Bob,Garcia,25.0,DevOps-Texas,Active,6/25/2023,114871.08,bob.garcia@example.com,4415298216,Average,False,DevOps,Texas,Valid,Needs Verification
734,EMP1734,Eva,Johnson,25.0,HR-Nevada,Active,9/16/2021,81504.31,eva.johnson@example.com,3929578670,Excellent,False,HR,Nevada,Valid,Needs Verification
735,EMP1735,David,Williams,30.0,Admin-New York,Pending,12/7/2022,102524.86,david.williams@example.com,8153523735,Poor,False,Admin,New York,Valid,Needs Verification
736,EMP1736,Charlie,Brown,25.0,Finance-Illinois,Pending,12/14/2022,53043.74,charlie.brown@example.com,,Excellent,True,Finance,Illinois,Invalid,Needs Verification
737,EMP1737,Eva,Jones,30.0,DevOps-Illinois,Inactive,4/18/2020,82547.26,eva.jones@example.com,9988683451,Excellent,True,DevOps,Illinois,Valid,Needs Verification
738,EMP1738,Bob,Jones,40.0,DevOps-California,Pending,10/11/2024,113900.81,bob.jones@example.com,7346666169,Average,True,DevOps,California,Valid,Needs Verification
739,EMP1739,Bob,Brown,25.0,HR-Nevada,Inactive,4/18/2021,118585.5,bob.brown@example.com,7158796473,Average,True,HR,Nevada,Valid,Needs Verification
740,EMP1740,Bob,Davis,35.0,Finance-Illinois,Pending,6/29/2020,63049.22,bob.davis@example.com,,Poor,True,Finance,Illinois,Invalid,Needs Verification
741,EMP1741,Heidi,Miller,30.0,DevOps-Texas,Active,5/21/2021,114558.91,heidi.miller@example.com,5080046357,Average,False,DevOps,Texas,Valid,Needs Verification
742,EMP1742,Heidi,Johnson,40.0,DevOps-New York,Active,12/11/2021,97901.79,heidi.johnson@example.com,,Average,True,DevOps,New York,Invalid,Needs Verification
743,EMP1743,Eva,Jones,30.0,Sales-California,Active,7/5/2023,68037.56,eva.jones@example.com,7235137398,Average,False,Sales,California,Valid,Needs Verification
744,EMP1744,Alice,Williams,30.0,HR-New York,Active,11/30/2021,112802.27,alice.williams@example.com,,Excellent,False,HR,New York,Invalid,Needs Verification
745,EMP1745,Bob,Johnson,40.0,Sales-Nevada,Pending,11/22/2024,93786.72,bob.johnson@example.com,6356022938,Poor,False,Sales,Nevada,Valid,Needs Verification
746,EMP1746,David,Williams,30.0,Admin-Florida,Inactive,5/24/2023,73049.93,david.williams@example.com,4694346065,Good,False,Admin,Florida,Valid,Needs Verification
747,EMP1747,David,Davis,30.0,Sales-Illinois,Pending,6/26/2024,64161.72,david.davis@example.com,6437490606,Excellent,True,Sales,Illinois,Valid,Needs Verification
748,EMP1748,Charlie,Smith,40.0,Admin-Nevada,Pending,11/19/2020,72224.73,charlie.smith@example.com,2311127127,Average,False,Admin,Nevada,Valid,Needs Verification
749,EMP1749,Bob,Johnson,30.0,HR-New York,Pending,3/1/2020,103580.45,bob.johnson@example.com,5246484493,Excellent,False,HR,New York,Valid,Needs Verification
750,EMP1750,Grace,Garcia,40.0,HR-Florida,Pending,8/9/2024,112589.11,grace.garcia@example.com,1163187327,Average,False,HR,Florida,Valid,Needs Verification
751,EMP1751,Eva,Jones,30.0,Admin-Texas,Active,1/13/2021,51833.88,eva.jones@example.com,,Average,True,Admin,Texas,Invalid,Needs Verification
752,EMP1752,Eva,Johnson,30.0,Sales-Illinois,Active,5/6/2023,66252.78,eva.johnson@example.com,1369572789,Excellent,True,Sales,Illinois,Valid,Needs Verification
753,EMP1753,Frank,Johnson,25.0,DevOps-Florida,Active,10/25/2022,109229.68,frank.johnson@example.com,8335090253,Poor,True,DevOps,Florida,Valid,Needs Verification
754,EMP1754,Frank,Johnson,30.0,Finance-Florida,Inactive,10/8/2020,61465.05,frank.johnson@example.com,2573066247,Average,False,Finance,Florida,Valid,Needs Verification
755,EMP1755,Grace,Miller,25.0,HR-Florida,Active,2/29/2024,96993.74,grace.miller@example.com,1323570712,Poor,False,HR,Florida,Valid,Needs Verification
756,EMP1756,David,Johnson,25.0,Admin-Florida,Pending,9/30/2022,98150.39,david.johnson@example.com,9848228500,Good,True,Admin,Florida,Valid,Needs Verification
757,EMP1757,David,Williams,40.0,Finance-Texas,Pending,2/14/2024,107703.0,david.williams@example.com,1688092549,Average,False,Finance,Texas,Valid,Needs Verification
758,EMP1758,Grace,Smith,30.0,DevOps-Illinois,Pending,1/3/2023,86766.14,grace.smith@example.com,2130609068,Poor,True,DevOps,Illinois,Valid,Needs Verification
759,EMP1759,Alice,Davis,30.0,Cloud Tech-Florida,Inactive,8/20/2024,111443.69,alice.davis@example.com,1309810795,Poor,True,Cloud Tech,Florida,Valid,Needs Verification
760,EMP1760,David,Brown,30.0,Sales-Florida,Pending,3/21/2020,89039.07,david.brown@example.com,4967379456,Good,False,Sales,Florida,Valid,Needs Verification
761,EMP1761,Alice,Johnson,30.0,HR-Florida,Inactive,12/16/2024,71318.79,alice.johnson@example.com,7278532425,Poor,False,HR,Florida,Valid,Needs Verification
762,EMP1762,Heidi,Jones,30.0,Finance-California,Pending,4/21/2020,98296.71,heidi.jones@example.com,4250642075,Poor,False,Finance,California,Valid,Needs Verification
763,EMP1763,Heidi,Johnson,40.0,Cloud Tech-Nevada,Pending,8/19/2020,62584.0,heidi.johnson@example.com,8362536666,Good,False,Cloud Tech,Nevada,Valid,Needs Verification
764,EMP1764,Charlie,Jones,40.0,Finance-California,Inactive,2/21/2020,62521.5,charlie.jones@example.com,7767555627,Average,True,Finance,California,Valid,Needs Verification
765,EMP1765,David,Williams,40.0,Cloud Tech-California,Inactive,11/17/2023,95400.35,david.williams@example.com,3333939577,Poor,True,Cloud Tech,California,Valid,Needs Verification
766,EMP1766,Charlie,Jones,25.0,Cloud Tech-Texas,Pending,7/9/2022,94385.07,charlie.jones@example.com,6543627186,Poor,True,Cloud Tech,Texas,Valid,Needs Verification
767,EMP1767,Grace,Garcia,30.0,Sales-New York,Inactive,2/1/2023,76642.49,grace.garcia@example.com,4960335825,Poor,True,Sales,New York,Valid,Needs Verification
768,EMP1768,Frank,Brown,30.0,DevOps-New York,Active,11/14/2024,60122.52,frank.brown@example.com,8627036923,Excellent,True,DevOps,New York,Valid,Needs Verification
769,EMP1769,Alice,Smith,40.0,HR-California,Pending,4/23/2024,117267.63,alice.smith@example.com,9269326572,Good,False,HR,California,Valid,Needs Verification
770,EMP1770,Charlie,Jones,25.0,Admin-New York,Active,6/29/2023,85547.87,charlie.jones@example.com,2759980110,Excellent,True,Admin,New York,Valid,Needs Verification
771,EMP1771,Heidi,Jones,40.0,Sales-Texas,Pending,12/12/2024,84542.68,heidi.jones@example.com,,Good,True,Sales,Texas,Invalid,Needs Verification
772,EMP1772,Heidi,Smith,40.0,Finance-Florida,Active,5/16/2023,92007.15,heidi.smith@example.com,4159597751,Average,True,Finance,Florida,Valid,Needs Verification
773,EMP1773,Eva,Brown,30.0,DevOps-Illinois,Active,4/10/2020,62938.8,eva.brown@example.com,4418222617,Average,False,DevOps,Illinois,Valid,Needs Verification
774,EMP1774,Frank,Johnson,25.0,Admin-Texas,Pending,3/29/2023,108661.01,frank.johnson@example.com,9628874311,Poor,False,Admin,Texas,Valid,Needs Verification
775,EMP1775,Bob,Jones,25.0,Cloud Tech-Florida,Active,11/26/2020,97046.33,bob.jones@example.com,7102676719,Good,False,Cloud Tech,Florida,Valid,Needs Verification
776,EMP1776,Charlie,Smith,40.0,DevOps-Illinois,Inactive,3/14/2020,56518.84,charlie.smith@example.com,9579927078,Average,False,DevOps,Illinois,Valid,Needs Verification
777,EMP1777,Frank,Garcia,40.0,Cloud Tech-Florida,Pending,5/12/2020,70498.29,frank.garcia@example.com,5515122945,Good,True,Cloud Tech,Florida,Valid,Needs Verification
778,EMP1778,Eva,Garcia,35.0,Sales-Florida,Pending,3/5/2021,98708.06,eva.garcia@example.com,2135415969,Average,True,Sales,Florida,Valid,Needs Verification
779,EMP1779,Bob,Williams,30.0,DevOps-Nevada,Pending,6/28/2020,83856.41,bob.williams@example.com,9962543847,Excellent,False,DevOps,Nevada,Valid,Needs Verification
780,EMP1780,Eva,Smith,40.0,Sales-California,Inactive,12/12/2022,90259.99,eva.smith@example.com,,Average,False,Sales,California,Invalid,Needs Verification
781,EMP1781,Charlie,Williams,30.0,Sales-Florida,Pending,2/2/2024,94230.03,charlie.williams@example.com,5047158028,Excellent,True,Sales,Florida,Valid,Needs Verification
782,EMP1782,Charlie,Garcia,30.0,Admin-Nevada,Inactive,1/31/2021,50110.66,charlie.garcia@example.com,,Average,True,Admin,Nevada,Invalid,Needs Verification
783,EMP1783,Bob,Brown,30.0,Sales-Florida,Inactive,4/3/2020,73365.46,bob.brown@example.com,4655866524,Poor,False,Sales,Florida,Valid,Needs Verification
784,EMP1784,David,Johnson,25.0,DevOps-New York,Pending,7/30/2021,67809.23,david.johnson@example.com,4837441714,Excellent,False,DevOps,New York,Valid,Needs Verification
785,EMP1785,Eva,Smith,30.0,Sales-California,Active,8/21/2020,98008.51,eva.smith@example.com,8102131250,Average,False,Sales,California,Valid,Needs Verification
786,EMP1786,Alice,Davis,30.0,Admin-California,Inactive,10/9/2023,83537.58,alice.davis@example.com,2931100590,Poor,False,Admin,California,Valid,Needs Verification
787,EMP1787,Alice,Garcia,30.0,Finance-New York,Pending,8/1/2022,112444.08,alice.garcia@example.com,2975191022,Excellent,True,Finance,New York,Valid,Needs Verification
788,EMP1788,Frank,Garcia,40.0,Finance-Nevada,Active,9/6/2024,86475.13,frank.garcia@example.com,1211063300,Poor,True,Finance,Nevada,Valid,Needs Verification
789,EMP1789,Frank,Davis,30.0,Sales-Texas,Active,3/28/2023,97984.53,frank.davis@example.com,6583737926,Good,True,Sales,Texas,Valid,Needs Verification
790,EMP1790,Frank,Miller,25.0,Admin-California,Active,11/25/2021,118853.31,frank.miller@example.com,4907280122,Good,False,Admin,California,Valid,Needs Verification
791,EMP1791,Charlie,Garcia,30.0,Sales-Florida,Active,5/3/2023,58179.12,charlie.garcia@example.com,4289311324,Excellent,False,Sales,Florida,Valid,Needs Verification
792,EMP1792,Eva,Jones,35.0,DevOps-Texas,Inactive,4/27/2022,56075.84,eva.jones@example.com,3269496842,Average,True,DevOps,Texas,Valid,Needs Verification
793,EMP1793,Frank,Brown,40.0,HR-New York,Pending,9/11/2021,62250.89,frank.brown@example.com,6453804420,Excellent,True,HR,New York,Valid,Needs Verification
794,EMP1794,Alice,Smith,30.0,Cloud Tech-Florida,Pending,2/21/2020,105931.77,alice.smith@example.com,,Poor,True,Cloud Tech,Florida,Invalid,Needs Verification
795,EMP1795,Charlie,Davis,30.0,HR-Florida,Pending,11/24/2024,86653.96,charlie.davis@example.com,1595919456,Average,True,HR,Florida,Valid,Needs Verification
796,EMP1796,Charlie,Jones,25.0,Sales-Nevada,Active,2/24/2021,100719.94,charlie.jones@example.com,5757475832,Good,False,Sales,Nevada,Valid,Needs Verification
797,EMP1797,Bob,Davis,25.0,HR-Texas,Pending,10/2/2024,91600.13,bob.davis@example.com,9205677566,Average,True,HR,Texas,Valid,Needs Verification
798,EMP1798,Heidi,Smith,25.0,Cloud Tech-Illinois,Pending,3/6/2024,71873.66,heidi.smith@example.com,7722660255,Good,True,Cloud Tech,Illinois,Valid,Needs Verification
799,EMP1799,Eva,Williams,30.0,HR-New York,Active,8/9/2021,69365.47,eva.williams@example.com,2650622922,Average,True,HR,New York,Valid,Needs Verification
800,EMP1800,Heidi,Smith,25.0,HR-New York,Active,7/14/2021,58012.23,heidi.smith@example.com,1067245306,Average,True,HR,New York,Valid,Needs Verification
801,EMP1801,Bob,Miller,30.0,Sales-California,Pending,10/14/2021,68973.65,bob.miller@example.com,6248433796,Average,True,Sales,California,Valid,Needs Verification
802,EMP1802,Eva,Smith,30.0,Admin-New York,Active,9/29/2021,92928.4,eva.smith@example.com,6627051156,Poor,True,Admin,New York,Valid,Needs Verification
803,EMP1803,Heidi,Smith,25.0,Admin-Texas,Inactive,10/15/2023,53531.92,heidi.smith@example.com,9423873669,Poor,True,Admin,Texas,Valid,Needs Verification
804,EMP1804,Bob,Miller,40.0,Finance-New York,Pending,5/5/2023,112389.31,bob.miller@example.com,4254969191,Excellent,False,Finance,New York,Valid,Needs Verification
805,EMP1805,Heidi,Brown,30.0,HR-California,Inactive,8/1/2024,63870.3,heidi.brown@example.com,8455259709,Excellent,False,HR,California,Valid,Needs Verification
806,EMP1806,Bob,Garcia,40.0,Sales-New York,Active,7/22/2024,106164.53,bob.garcia@example.com,7563353573,Good,False,Sales,New York,Valid,Needs Verification
807,EMP1807,Bob,Smith,40.0,HR-Nevada,Pending,12/25/2023,103654.54,bob.smith@example.com,8595325938,Poor,False,HR,Nevada,Valid,Needs Verification
808,EMP1808,David,Miller,30.0,Sales-California,Inactive,3/13/2022,62834.72,david.miller@example.com,9337970580,Good,True,Sales,California,Valid,Needs Verification
809,EMP1809,Frank,Jones,35.0,Finance-Florida,Active,5/13/2020,83273.41,frank.jones@example.com,6295187793,Excellent,False,Finance,Florida,Valid,Needs Verification
810,EMP1810,Heidi,Williams,30.0,HR-California,Pending,3/22/2023,58917.58,heidi.williams@example.com,1763425072,Good,False,HR,California,Valid,Needs Verification
811,EMP1811,Bob,Williams,35.0,Sales-Nevada,Active,6/10/2024,71148.27,bob.williams@example.com,3055978244,Excellent,True,Sales,Nevada,Valid,Needs Verification
812,EMP1812,Grace,Smith,30.0,Sales-New York,Pending,11/21/2020,118172.42,grace.smith@example.com,7598339913,Poor,True,Sales,New York,Valid,Needs Verification
813,EMP1813,Frank,Brown,30.0,DevOps-Illinois,Inactive,5/25/2024,118614.37,frank.brown@example.com,,Average,False,DevOps,Illinois,Invalid,Needs Verification
814,EMP1814,Frank,Brown,30.0,DevOps-New York,Active,9/19/2023,96872.36,frank.brown@example.com,4324006156,Poor,False,DevOps,New York,Valid,Needs Verification
815,EMP1815,Heidi,Jones,25.0,Sales-Illinois,Inactive,10/28/2021,88856.14,heidi.jones@example.com,2768297513,Good,True,Sales,Illinois,Valid,Needs Verification
816,EMP1816,Charlie,Smith,35.0,Finance-Texas,Pending,8/10/2020,97985.61,charlie.smith@example.com,7439742924,Good,False,Finance,Texas,Valid,Needs Verification
817,EMP1817,Grace,Williams,35.0,Finance-Nevada,Pending,5/5/2020,56337.31,grace.williams@example.com,,Poor,True,Finance,Nevada,Invalid,Needs Verification
818,EMP1818,Alice,Brown,30.0,DevOps-New York,Inactive,12/24/2022,70405.23,alice.brown@example.com,8065625903,Poor,True,DevOps,New York,Valid,Needs Verification
819,EMP1819,Heidi,Smith,30.0,Admin-Nevada,Inactive,9/5/2021,89919.35,heidi.smith@example.com,5990802710,Excellent,True,Admin,Nevada,Valid,Needs Verification
820,EMP1820,Eva,Davis,40.0,DevOps-California,Active,4/8/2023,50568.35,eva.davis@example.com,2218231554,Good,True,DevOps,California,Valid,Needs Verification
821,EMP1821,Grace,Brown,30.0,HR-Texas,Inactive,1/29/2023,85547.87,grace.brown@example.com,1651768085,Good,False,HR,Texas,Valid,Needs Verification
822,EMP1822,Frank,Miller,25.0,HR-Texas,Active,6/3/2022,99155.53,frank.miller@example.com,6281372142,Poor,True,HR,Texas,Valid,Needs Verification
823,EMP1823,Frank,Davis,40.0,Finance-Florida,Inactive,1/21/2023,64785.13,frank.davis@example.com,3080037002,Average,True,Finance,Florida,Valid,Needs Verification
824,EMP1824,Charlie,Garcia,30.0,Sales-Florida,Inactive,9/16/2024,79206.48,charlie.garcia@example.com,3228556607,Good,False,Sales,Florida,Valid,Needs Verification
825,EMP1825,Charlie,Brown,30.0,Cloud Tech-Texas,Pending,2/2/2020,60079.71,charlie.brown@example.com,4706810389,Average,True,Cloud Tech,Texas,Valid,Needs Verification
826,EMP1826,Grace,Williams,30.0,Cloud Tech-New York,Pending,7/8/2024,79109.88,grace.williams@example.com,3397051957,Poor,False,Cloud Tech,New York,Valid,Needs Verification
827,EMP1827,Grace,Johnson,30.0,Admin-Florida,Pending,5/18/2022,88643.5,grace.johnson@example.com,2632809447,Poor,False,Admin,Florida,Valid,Needs Verification
828,EMP1828,Frank,Davis,30.0,Admin-Florida,Pending,1/16/2020,90455.7,frank.davis@example.com,5862394534,Excellent,False,Admin,Florida,Valid,Needs Verification
829,EMP1829,David,Garcia,30.0,HR-Florida,Pending,3/26/2023,75687.9,david.garcia@example.com,4614707985,Good,True,HR,Florida,Valid,Needs Verification
830,EMP1830,Heidi,Jones,35.0,Cloud Tech-Illinois,Inactive,11/15/2023,55604.42,heidi.jones@example.com,3210613393,Average,False,Cloud Tech,Illinois,Valid,Needs Verification
831,EMP1831,Eva,Jones,40.0,Sales-Texas,Pending,12/27/2024,92704.94,eva.jones@example.com,3945703942,Excellent,False,Sales,Texas,Valid,Needs Verification
832,EMP1832,Bob,Williams,30.0,Sales-California,Pending,4/18/2020,113250.97,bob.williams@example.com,8040325375,Good,True,Sales,California,Valid,Needs Verification
833,EMP1833,Alice,Brown,40.0,Finance-Illinois,Inactive,3/21/2023,101367.02,alice.brown@example.com,5769277893,Excellent,False,Finance,Illinois,Valid,Needs Verification
834,EMP1834,Eva,Smith,35.0,Admin-Texas,Pending,5/8/2023,102459.77,eva.smith@example.com,3191009003,Poor,False,Admin,Texas,Valid,Needs Verification
835,EMP1835,Eva,Brown,25.0,DevOps-Florida,Pending,12/12/2020,90100.2,eva.brown@example.com,,Good,False,DevOps,Florida,Invalid,Needs Verification
836,EMP1836,Eva,Williams,30.0,Cloud Tech-California,Inactive,6/17/2020,58877.49,eva.williams@example.com,3651460400,Excellent,False,Cloud Tech,California,Valid,Needs Verification
837,EMP1837,Eva,Jones,35.0,Admin-Illinois,Inactive,7/17/2021,85547.87,eva.jones@example.com,4247310719,Excellent,False,Admin,Illinois,Valid,Needs Verification
838,EMP1838,Bob,Brown,30.0,Admin-Illinois,Pending,11/5/2020,96140.89,bob.brown@example.com,1137984408,Average,True,Admin,Illinois,Valid,Needs Verification
839,EMP1839,Charlie,Jones,35.0,DevOps-New York,Inactive,1/5/2021,105956.04,charlie.jones@example.com,7123166006,Excellent,False,DevOps,New York,Valid,Needs Verification
840,EMP1840,Frank,Davis,25.0,Admin-Illinois,Active,9/11/2024,84716.38,frank.davis@example.com,6762090143,Good,False,Admin,Illinois,Valid,Needs Verification
841,EMP1841,Grace,Garcia,30.0,DevOps-Florida,Pending,7/29/2023,61709.83,grace.garcia@example.com,7340433699,Good,True,DevOps,Florida,Valid,Needs Verification
842,EMP1842,Frank,Smith,25.0,DevOps-California,Active,4/17/2020,61732.03,frank.smith@example.com,9687304518,Average,True,DevOps,California,Valid,Needs Verification
843,EMP1843,Eva,Davis,40.0,DevOps-Illinois,Active,2/16/2022,97845.7,eva.davis@example.com,5778255881,Good,True,DevOps,Illinois,Valid,Needs Verification
844,EMP1844,Eva,Jones,30.0,Sales-Florida,Active,8/14/2021,114905.58,eva.jones@example.com,5562965753,Poor,False,Sales,Florida,Valid,Needs Verification
845,EMP1845,Frank,Jones,30.0,DevOps-Texas,Active,12/24/2022,94619.69,frank.jones@example.com,2786561941,Good,True,DevOps,Texas,Valid,Needs Verification
846,EMP1846,Grace,Johnson,30.0,DevOps-California,Inactive,7/7/2021,68696.15,grace.johnson@example.com,5577820581,Good,False,DevOps,California,Valid,Needs Verification
847,EMP1847,Grace,Johnson,40.0,DevOps-Nevada,Active,2/12/2024,97032.29,grace.johnson@example.com,9582923615,Excellent,False,DevOps,Nevada,Valid,Needs Verification
848,EMP1848,Frank,Davis,30.0,HR-Illinois,Active,10/9/2023,50593.33,frank.davis@example.com,1880819047,Excellent,True,HR,Illinois,Valid,Needs Verification
849,EMP1849,Grace,Miller,25.0,Sales-Texas,Pending,7/2/2022,74606.15,grace.miller@example.com,2357155867,Good,True,Sales,Texas,Valid,Needs Verification
850,EMP1850,Eva,Davis,30.0,Cloud Tech-Texas,Pending,7/7/2020,53981.73,eva.davis@example.com,6395613722,Average,False,Cloud Tech,Texas,Valid,Needs Verification
851,EMP1851,David,Johnson,30.0,DevOps-Texas,Pending,9/2/2020,56047.05,david.johnson@example.com,,Excellent,True,DevOps,Texas,Invalid,Needs Verification
852,EMP1852,Grace,Jones,30.0,Admin-Texas,Pending,1/12/2021,67733.5,grace.jones@example.com,3813000412,Average,False,Admin,Texas,Valid,Needs Verification
853,EMP1853,Bob,Williams,40.0,HR-Florida,Pending,9/29/2023,103891.64,bob.williams@example.com,2114716559,Good,True,HR,Florida,Valid,Needs Verification
854,EMP1854,Charlie,Davis,25.0,HR-Texas,Inactive,3/6/2022,73285.83,charlie.davis@example.com,9456534698,Good,True,HR,Texas,Valid,Needs Verification
855,EMP1855,Eva,Jones,30.0,Finance-Texas,Inactive,2/14/2021,92721.13,eva.jones@example.com,7990707549,Poor,True,Finance,Texas,Valid,Needs Verification
856,EMP1856,Heidi,Williams,25.0,Admin-Illinois,Inactive,3/23/2021,92977.64,heidi.williams@example.com,4768169956,Excellent,False,Admin,Illinois,Valid,Needs Verification
857,EMP1857,Heidi,Williams,35.0,Cloud Tech-Texas,Active,5/24/2020,89994.12,heidi.williams@example.com,,Good,True,Cloud Tech,Texas,Invalid,Needs Verification
858,EMP1858,Heidi,Johnson,25.0,Finance-New York,Pending,8/4/2023,50060.73,heidi.johnson@example.com,3176539704,Poor,False,Finance,New York,Valid,Needs Verification
859,EMP1859,Grace,Davis,35.0,Admin-Nevada,Inactive,3/12/2022,90224.82,grace.davis@example.com,4873961028,Excellent,False,Admin,Nevada,Valid,Needs Verification
860,EMP1860,Heidi,Brown,40.0,Finance-Florida,Pending,5/18/2024,106859.3,heidi.brown@example.com,,Good,False,Finance,Florida,Invalid,Needs Verification
861,EMP1861,David,Smith,25.0,Finance-Nevada,Inactive,9/5/2020,89707.07,david.smith@example.com,8049187273,Good,False,Finance,Nevada,Valid,Needs Verification
862,EMP1862,Frank,Johnson,35.0,DevOps-California,Inactive,4/23/2020,94259.08,frank.johnson@example.com,2049561212,Excellent,True,DevOps,California,Valid,Needs Verification
863,EMP1863,Bob,Johnson,35.0,Sales-California,Active,9/18/2024,82174.75,bob.johnson@example.com,7730626041,Excellent,False,Sales,California,Valid,Needs Verification
864,EMP1864,David,Brown,30.0,Sales-Texas,Inactive,9/15/2023,63370.22,david.brown@example.com,3597371121,Excellent,False,Sales,Texas,Valid,Needs Verification
865,EMP1865,Bob,Smith,35.0,Finance-Texas,Pending,6/15/2022,101472.69,bob.smith@example.com,2990775607,Good,True,Finance,Texas,Valid,Needs Verification
866,EMP1866,David,Jones,25.0,DevOps-Illinois,Active,9/28/2022,77213.73,david.jones@example.com,5816704685,Good,False,DevOps,Illinois,Valid,Needs Verification
867,EMP1867,Eva,Miller,40.0,Sales-Florida,Active,3/16/2020,73749.96,eva.miller@example.com,1114576831,Poor,True,Sales,Florida,Valid,Needs Verification
868,EMP1868,Alice,Davis,40.0,Cloud Tech-New York,Pending,9/28/2023,86618.37,alice.davis@example.com,1021923784,Average,False,Cloud Tech,New York,Valid,Needs Verification
869,EMP1869,Charlie,Miller,30.0,Admin-Texas,Active,2/15/2024,59911.33,charlie.miller@example.com,8471296179,Excellent,True,Admin,Texas,Valid,Needs Verification
870,EMP1870,Heidi,Jones,30.0,Cloud Tech-New York,Pending,8/21/2023,59137.64,heidi.jones@example.com,3324260507,Good,False,Cloud Tech,New York,Valid,Needs Verification
871,EMP1871,Alice,Garcia,35.0,Cloud Tech-Florida,Pending,12/15/2020,108474.65,alice.garcia@example.com,,Good,True,Cloud Tech,Florida,Invalid,Needs Verification
872,EMP1872,Bob,Johnson,25.0,Finance-Illinois,Pending,3/27/2021,54417.71,bob.johnson@example.com,3733777311,Excellent,False,Finance,Illinois,Valid,Needs Verification
873,EMP1873,Frank,Smith,40.0,HR-Texas,Pending,3/25/2023,88211.94,frank.smith@example.com,6881228216,Average,False,HR,Texas,Valid,Needs Verification
874,EMP1874,David,Johnson,25.0,Sales-New York,Inactive,5/9/2020,58452.18,david.johnson@example.com,8192365345,Excellent,True,Sales,New York,Valid,Needs Verification
875,EMP1875,Grace,Williams,30.0,DevOps-California,Pending,12/3/2020,80706.28,grace.williams@example.com,,Average,True,DevOps,California,Invalid,Needs Verification
876,EMP1876,Alice,Johnson,30.0,Cloud Tech-Nevada,Pending,2/9/2022,85547.87,alice.johnson@example.com,9327986238,Good,True,Cloud Tech,Nevada,Valid,Needs Verification
877,EMP1877,Heidi,Johnson,25.0,Cloud Tech-Texas,Active,7/1/2020,99471.89,heidi.johnson@example.com,8471690617,Average,True,Cloud Tech,Texas,Valid,Needs Verification
878,EMP1878,Eva,Jones,40.0,DevOps-Florida,Pending,9/16/2020,64431.22,eva.jones@example.com,1205464753,Poor,False,DevOps,Florida,Valid,Needs Verification
879,EMP1879,Heidi,Jones,40.0,Admin-New York,Pending,11/17/2023,52633.48,heidi.jones@example.com,8954787697,Good,False,Admin,New York,Valid,Needs Verification
880,EMP1880,Heidi,Jones,30.0,Cloud Tech-Nevada,Inactive,12/13/2021,79315.01,heidi.jones@example.com,9992751757,Poor,True,Cloud Tech,Nevada,Valid,Needs Verification
881,EMP1881,David,Miller,25.0,Sales-Texas,Pending,1/11/2022,110391.17,david.miller@example.com,8914444982,Excellent,False,Sales,Texas,Valid,Needs Verification
882,EMP1882,David,Williams,40.0,DevOps-Nevada,Active,7/20/2021,53714.83,david.williams@example.com,5539354357,Excellent,True,DevOps,Nevada,Valid,Needs Verification
883,EMP1883,Charlie,Garcia,40.0,Finance-New York,Active,10/4/2023,114587.11,charlie.garcia@example.com,6449639242,Excellent,True,Finance,New York,Valid,Needs Verification
884,EMP1884,Frank,Garcia,35.0,Admin-Florida,Inactive,11/15/2021,93177.35,frank.garcia@example.com,5885379820,Average,False,Admin,Florida,Valid,Needs Verification
885,EMP1885,Heidi,Jones,25.0,Cloud Tech-Nevada,Active,1/5/2023,62312.13,heidi.jones@example.com,4339527535,Good,False,Cloud Tech,Nevada,Valid,Needs Verification
886,EMP1886,Heidi,Smith,30.0,Cloud Tech-Texas,Active,1/17/2024,81137.46,heidi.smith@example.com,7497852490,Excellent,False,Cloud Tech,Texas,Valid,Needs Verification
887,EMP1887,Grace,Miller,30.0,DevOps-Nevada,Inactive,4/16/2021,104528.27,grace.miller@example.com,4168601346,Excellent,False,DevOps,Nevada,Valid,Needs Verification
888,EMP1888,Bob,Brown,30.0,DevOps-Florida,Active,2/8/2022,112395.56,bob.brown@example.com,7894896339,Good,False,DevOps,Florida,Valid,Needs Verification
889,EMP1889,Heidi,Smith,25.0,Finance-New York,Active,6/2/2023,81849.36,heidi.smith@example.com,6791766511,Excellent,False,Finance,New York,Valid,Needs Verification
890,EMP1890,Charlie,Davis,40.0,DevOps-New York,Pending,1/4/2022,118288.91,charlie.davis@example.com,2150014187,Poor,False,DevOps,New York,Valid,Needs Verification
891,EMP1891,Charlie,Davis,25.0,DevOps-Illinois,Active,7/28/2021,59555.1,charlie.davis@example.com,4216309000,Good,True,DevOps,Illinois,Valid,Needs Verification
892,EMP1892,Heidi,Smith,40.0,Admin-California,Active,12/20/2024,70661.31,heidi.smith@example.com,5944633398,Good,True,Admin,California,Valid,Needs Verification
893,EMP1893,Charlie,Jones,30.0,Sales-New York,Active,4/23/2022,109988.16,charlie.jones@example.com,9485320894,Good,True,Sales,New York,Valid,Needs Verification
894,EMP1894,David,Brown,30.0,Finance-Florida,Inactive,1/30/2020,101101.24,david.brown@example.com,3263890218,Poor,True,Finance,Florida,Valid,Needs Verification
895,EMP1895,David,Brown,30.0,HR-Florida,Pending,3/31/2021,112427.58,david.brown@example.com,9471136336,Good,True,HR,Florida,Valid,Needs Verification
896,EMP1896,Charlie,Miller,30.0,Cloud Tech-Florida,Active,3/23/2020,119389.15,charlie.miller@example.com,9223410345,Poor,False,Cloud Tech,Florida,Valid,Needs Verification
897,EMP1897,Alice,Brown,40.0,Sales-Florida,Inactive,7/16/2024,105861.23,alice.brown@example.com,9967331166,Good,True,Sales,Florida,Valid,Needs Verification
898,EMP1898,Heidi,Davis,40.0,Admin-Texas,Pending,3/22/2024,50869.61,heidi.davis@example.com,7269608436,Average,True,Admin,Texas,Valid,Needs Verification
899,EMP1899,David,Williams,30.0,HR-California,Active,8/19/2023,85547.87,david.williams@example.com,6855078966,Excellent,True,HR,California,Valid,Needs Verification
900,EMP1900,Eva,Jones,30.0,DevOps-Florida,Pending,3/10/2024,90856.21,eva.jones@example.com,9352196262,Average,True,DevOps,Florida,Valid,Needs Verification
901,EMP1901,Heidi,Brown,30.0,DevOps-Florida,Active,6/5/2024,111008.63,heidi.brown@example.com,3556434368,Excellent,True,DevOps,Florida,Valid,Needs Verification
902,EMP1902,Alice,Miller,25.0,Finance-Nevada,Inactive,12/23/2022,52289.99,alice.miller@example.com,7093170694,Poor,True,Finance,Nevada,Valid,Needs Verification
903,EMP1903,Eva,Davis,30.0,Sales-Illinois,Active,6/1/2024,97926.56,eva.davis@example.com,5607676163,Average,True,Sales,Illinois,Valid,Needs Verification
904,EMP1904,Frank,Williams,25.0,Sales-Nevada,Inactive,12/23/2024,53609.38,frank.williams@example.com,5345472238,Good,False,Sales,Nevada,Valid,Needs Verification
905,EMP1905,Heidi,Johnson,30.0,Cloud Tech-California,Inactive,12/24/2020,95372.09,heidi.johnson@example.com,8983065030,Excellent,False,Cloud Tech,California,Valid,Needs Verification
906,EMP1906,David,Johnson,30.0,HR-New York,Pending,8/20/2020,95432.69,david.johnson@example.com,2198041846,Excellent,True,HR,New York,Valid,Needs Verification
907,EMP1907,David,Williams,30.0,HR-California,Inactive,10/28/2022,97615.87,david.williams@example.com,2426423641,Average,False,HR,California,Valid,Needs Verification
908,EMP1908,Bob,Davis,35.0,HR-Florida,Inactive,10/23/2022,86867.78,bob.davis@example.com,8131909247,Poor,False,HR,Florida,Valid,Needs Verification
909,EMP1909,Eva,Miller,40.0,Sales-California,Pending,11/20/2023,106615.71,eva.miller@example.com,7623039110,Average,False,Sales,California,Valid,Needs Verification
910,EMP1910,Bob,Williams,30.0,Finance-Texas,Active,3/11/2022,112856.21,bob.williams@example.com,4281785227,Poor,False,Finance,Texas,Valid,Needs Verification
911,EMP1911,Bob,Jones,25.0,Admin-California,Active,11/28/2023,60356.78,bob.jones@example.com,2305248087,Poor,True,Admin,California,Valid,Needs Verification
912,EMP1912,David,Jones,30.0,DevOps-Texas,Inactive,5/3/2022,117870.22,david.jones@example.com,,Excellent,False,DevOps,Texas,Invalid,Needs Verification
913,EMP1913,Charlie,Johnson,40.0,HR-Florida,Inactive,2/19/2024,95127.91,charlie.johnson@example.com,5947372131,Average,False,HR,Florida,Valid,Needs Verification
914,EMP1914,Bob,Brown,25.0,Admin-Illinois,Pending,11/18/2021,78818.42,bob.brown@example.com,9016204786,Average,False,Admin,Illinois,Valid,Needs Verification
915,EMP1915,Frank,Miller,40.0,Sales-Nevada,Pending,12/21/2022,108933.55,frank.miller@example.com,6886878598,Poor,True,Sales,Nevada,Valid,Needs Verification
916,EMP1916,Eva,Johnson,30.0,Admin-California,Active,6/4/2024,68200.52,eva.johnson@example.com,6486287202,Average,True,Admin,California,Valid,Needs Verification
917,EMP1917,Eva,Brown,25.0,Admin-California,Inactive,7/22/2022,116934.97,eva.brown@example.com,1954196663,Good,True,Admin,California,Valid,Needs Verification
918,EMP1918,Charlie,Brown,30.0,HR-New York,Active,9/14/2024,99567.78,charlie.brown@example.com,5057303626,Good,True,HR,New York,Valid,Needs Verification
919,EMP1919,Charlie,Garcia,30.0,Admin-Texas,Active,10/10/2021,90216.76,charlie.garcia@example.com,9246320373,Average,True,Admin,Texas,Valid,Needs Verification
920,EMP1920,Frank,Jones,30.0,Admin-Illinois,Pending,3/12/2020,96588.73,frank.jones@example.com,7677537259,Average,True,Admin,Illinois,Valid,Needs Verification
921,EMP1921,Charlie,Davis,35.0,Finance-Illinois,Active,12/28/2022,71109.18,charlie.davis@example.com,3214505765,Poor,True,Finance,Illinois,Valid,Needs Verification
922,EMP1922,Grace,Smith,40.0,Admin-Florida,Inactive,11/15/2020,50300.6,grace.smith@example.com,1945887070,Good,False,Admin,Florida,Valid,Needs Verification
923,EMP1923,Frank,Davis,35.0,Finance-California,Pending,9/27/2023,60295.84,frank.davis@example.com,5534820127,Good,False,Finance,California,Valid,Needs Verification
924,EMP1924,Heidi,Smith,35.0,DevOps-Texas,Pending,9/7/2022,113012.21,heidi.smith@example.com,4008385075,Excellent,False,DevOps,Texas,Valid,Needs Verification
925,EMP1925,Bob,Williams,35.0,Cloud Tech-Florida,Pending,9/18/2024,65425.54,bob.williams@example.com,5975954507,Poor,True,Cloud Tech,Florida,Valid,Needs Verification
926,EMP1926,Frank,Jones,25.0,Sales-Nevada,Active,4/9/2023,86850.37,frank.jones@example.com,9177680897,Excellent,True,Sales,Nevada,Valid,Needs Verification
927,EMP1927,Eva,Brown,30.0,Cloud Tech-Texas,Pending,10/5/2024,81182.07,eva.brown@example.com,1265742230,Good,True,Cloud Tech,Texas,Valid,Needs Verification
928,EMP1928,Bob,Miller,30.0,Finance-New York,Inactive,10/12/2021,92222.03,bob.miller@example.com,9646300401,Poor,True,Finance,New York,Valid,Needs Verification
929,EMP1929,Alice,Smith,35.0,Finance-New York,Pending,10/14/2024,79934.83,alice.smith@example.com,3693626893,Average,True,Finance,New York,Valid,Needs Verification
930,EMP1930,Alice,Davis,35.0,HR-California,Inactive,7/1/2022,111201.12,alice.davis@example.com,3012047136,Poor,False,HR,California,Valid,Needs Verification
931,EMP1931,Heidi,Brown,40.0,Finance-California,Active,7/8/2024,100960.05,heidi.brown@example.com,2711759573,Average,False,Finance,California,Valid,Needs Verification
932,EMP1932,Grace,Smith,30.0,Sales-Illinois,Active,10/21/2020,64544.87,grace.smith@example.com,9885582983,Average,True,Sales,Illinois,Valid,Needs Verification
933,EMP1933,Frank,Smith,25.0,Sales-Florida,Active,1/14/2020,78662.24,frank.smith@example.com,9330674583,Poor,True,Sales,Florida,Valid,Needs Verification
934,EMP1934,Grace,Garcia,30.0,Sales-Florida,Pending,3/9/2023,102867.06,grace.garcia@example.com,7609441282,Average,True,Sales,Florida,Valid,Needs Verification
935,EMP1935,Charlie,Smith,40.0,HR-Illinois,Inactive,3/27/2020,107595.95,charlie.smith@example.com,3372188565,Excellent,True,HR,Illinois,Valid,Needs Verification
936,EMP1936,Eva,Miller,40.0,Sales-Nevada,Inactive,4/4/2021,85547.87,eva.miller@example.com,6954132970,Good,False,Sales,Nevada,Valid,Needs Verification
937,EMP1937,Eva,Jones,35.0,DevOps-Nevada,Inactive,9/11/2020,95766.91,eva.jones@example.com,5066626704,Average,True,DevOps,Nevada,Valid,Needs Verification
938,EMP1938,Grace,Miller,30.0,Finance-Nevada,Pending,5/16/2021,51990.98,grace.miller@example.com,5143776935,Excellent,True,Finance,Nevada,Valid,Needs Verification
939,EMP1939,Heidi,Johnson,25.0,Sales-Nevada,Inactive,4/5/2023,83634.01,heidi.johnson@example.com,6343925294,Average,True,Sales,Nevada,Valid,Needs Verification
940,EMP1940,Eva,Brown,40.0,DevOps-Texas,Inactive,11/15/2022,85547.87,eva.brown@example.com,9611110285,Good,True,DevOps,Texas,Valid,Needs Verification
941,EMP1941,Eva,Jones,30.0,Sales-Texas,Active,10/16/2021,82273.08,eva.jones@example.com,7120072023,Excellent,False,Sales,Texas,Valid,Needs Verification
942,EMP1942,Frank,Garcia,30.0,Cloud Tech-California,Inactive,5/9/2022,94537.3,frank.garcia@example.com,5591024509,Good,True,Cloud Tech,California,Valid,Needs Verification
943,EMP1943,Alice,Jones,35.0,HR-Illinois,Pending,6/6/2020,85970.65,alice.jones@example.com,9109032670,Good,True,HR,Illinois,Valid,Needs Verification
944,EMP1944,Charlie,Jones,25.0,Sales-New York,Pending,10/22/2021,111071.02,charlie.jones@example.com,4949819420,Excellent,False,Sales,New York,Valid,Needs Verification
945,EMP1945,Eva,Davis,35.0,DevOps-Nevada,Pending,1/12/2022,56708.34,eva.davis@example.com,7942817933,Excellent,False,DevOps,Nevada,Valid,Needs Verification
946,EMP1946,Charlie,Jones,25.0,Admin-Illinois,Inactive,2/2/2022,104516.55,charlie.jones@example.com,,Excellent,False,Admin,Illinois,Invalid,Needs Verification
947,EMP1947,Charlie,Garcia,25.0,Admin-New York,Pending,3/28/2021,108210.15,charlie.garcia@example.com,6634533721,Poor,True,Admin,New York,Valid,Needs Verification
948,EMP1948,Bob,Miller,40.0,Finance-Texas,Active,8/3/2024,85547.87,bob.miller@example.com,,Excellent,True,Finance,Texas,Invalid,Needs Verification
949,EMP1949,Frank,Jones,35.0,DevOps-California,Active,7/31/2024,80935.65,frank.jones@example.com,1455937660,Excellent,False,DevOps,California,Valid,Needs Verification
950,EMP1950,Frank,Williams,30.0,DevOps-California,Active,3/4/2024,107020.19,frank.williams@example.com,8943705262,Excellent,False,DevOps,California,Valid,Needs Verification
951,EMP1951,Charlie,Brown,30.0,HR-New York,Active,9/23/2020,118677.67,charlie.brown@example.com,5100462775,Excellent,False,HR,New York,Valid,Needs Verification
952,EMP1952,Bob,Jones,25.0,Cloud Tech-Florida,Inactive,3/28/2020,63744.57,bob.jones@example.com,5725659201,Average,False,Cloud Tech,Florida,Valid,Needs Verification
953,EMP1953,Alice,Brown,40.0,Cloud Tech-California,Active,5/15/2020,85547.87,alice.brown@example.com,4617520237,Poor,False,Cloud Tech,California,Valid,Needs Verification
954,EMP1954,Bob,Williams,25.0,Sales-New York,Pending,2/13/2021,62934.73,bob.williams@example.com,9743260054,Good,False,Sales,New York,Valid,Needs Verification
955,EMP1955,Bob,Williams,30.0,DevOps-California,Pending,12/13/2021,74654.23,bob.williams@example.com,9550178331,Excellent,True,DevOps,California,Valid,Needs Verification
956,EMP1956,David,Brown,30.0,Sales-Texas,Active,8/5/2024,85547.87,david.brown@example.com,5848689992,Average,True,Sales,Texas,Valid,Needs Verification
957,EMP1957,David,Smith,30.0,HR-New York,Pending,1/9/2020,118150.59,david.smith@example.com,6079848703,Average,True,HR,New York,Valid,Needs Verification
958,EMP1958,David,Johnson,30.0,DevOps-Florida,Inactive,11/30/2023,91256.64,david.johnson@example.com,5069176798,Average,False,DevOps,Florida,Valid,Needs Verification
959,EMP1959,Bob,Davis,30.0,HR-Florida,Inactive,3/14/2021,85997.57,bob.davis@example.com,3593744038,Good,False,HR,Florida,Valid,Needs Verification
960,EMP1960,Frank,Smith,25.0,Finance-Texas,Pending,10/5/2020,84707.12,frank.smith@example.com,4640830372,Excellent,False,Finance,Texas,Valid,Needs Verification
961,EMP1961,Eva,Smith,30.0,DevOps-Texas,Active,11/2/2021,84559.9,eva.smith@example.com,6060148859,Poor,False,DevOps,Texas,Valid,Needs Verification
962,EMP1962,Heidi,Miller,30.0,DevOps-California,Pending,9/18/2024,81076.91,heidi.miller@example.com,8490793883,Poor,False,DevOps,California,Valid,Needs Verification
963,EMP1963,Eva,Davis,40.0,Admin-Texas,Inactive,10/22/2023,85547.87,eva.davis@example.com,1368528305,Average,False,Admin,Texas,Valid,Needs Verification
964,EMP1964,Heidi,Davis,25.0,Finance-Florida,Pending,9/10/2023,97356.31,heidi.davis@example.com,1537012423,Good,True,Finance,Florida,Valid,Needs Verification
965,EMP1965,Grace,Smith,40.0,DevOps-Illinois,Active,2/27/2024,114770.32,grace.smith@example.com,4626325143,Good,True,DevOps,Illinois,Valid,Needs Verification
966,EMP1966,Bob,Jones,35.0,Admin-California,Active,5/3/2023,109082.07,bob.jones@example.com,8811210313,Good,False,Admin,California,Valid,Needs Verification
967,EMP1967,David,Miller,40.0,DevOps-Florida,Inactive,4/15/2024,99944.57,david.miller@example.com,2175188780,Poor,True,DevOps,Florida,Valid,Needs Verification
968,EMP1968,Eva,Miller,40.0,HR-Florida,Pending,5/20/2023,116509.72,eva.miller@example.com,7941515262,Average,False,HR,Florida,Valid,Needs Verification
969,EMP1969,Eva,Williams,30.0,Finance-Texas,Active,5/28/2021,84253.9,eva.williams@example.com,8409112251,Excellent,True,Finance,Texas,Valid,Needs Verification
970,EMP1970,Charlie,Garcia,25.0,Cloud Tech-Nevada,Active,8/27/2024,54776.01,charlie.garcia@example.com,8837505660,Poor,False,Cloud Tech,Nevada,Valid,Needs Verification
971,EMP1971,Charlie,Davis,40.0,Sales-Nevada,Inactive,11/8/2020,71192.68,charlie.davis@example.com,8632397912,Average,False,Sales,Nevada,Valid,Needs Verification
972,EMP1972,Bob,Smith,30.0,Finance-Florida,Active,8/24/2021,96346.53,bob.smith@example.com,7876553006,Average,True,Finance,Florida,Valid,Needs Verification
973,EMP1973,Eva,Williams,30.0,HR-Illinois,Pending,2/6/2020,116680.63,eva.williams@example.com,3095055604,Excellent,True,HR,Illinois,Valid,Needs Verification
974,EMP1974,Grace,Brown,25.0,Finance-Florida,Inactive,10/12/2024,76343.56,grace.brown@example.com,7121988191,Excellent,False,Finance,Florida,Valid,Needs Verification
975,EMP1975,Alice,Johnson,30.0,Sales-Nevada,Inactive,12/16/2024,99424.14,alice.johnson@example.com,7788519052,Excellent,False,Sales,Nevada,Valid,Needs Verification
976,EMP1976,Charlie,Garcia,35.0,DevOps-Florida,Inactive,4/13/2024,57656.74,charlie.garcia@example.com,4864010423,Good,True,DevOps,Florida,Valid,Needs Verification
977,EMP1977,Heidi,Garcia,40.0,Sales-New York,Pending,4/24/2020,77396.94,heidi.garcia@example.com,6245618516,Excellent,True,Sales,New York,Valid,Needs Verification
978,EMP1978,Grace,Garcia,30.0,DevOps-California,Inactive,10/18/2021,54299.68,grace.garcia@example.com,4460045211,Average,False,DevOps,California,Valid,Needs Verification
979,EMP1979,Charlie,Miller,35.0,HR-Nevada,Pending,2/25/2020,103563.58,charlie.miller@example.com,8991511454,Excellent,True,HR,Nevada,Valid,Needs Verification
980,EMP1980,Grace,Brown,25.0,Finance-California,Inactive,4/23/2022,74588.85,grace.brown@example.com,1293913043,Average,False,Finance,California,Valid,Needs Verification
981,EMP1981,David,Garcia,30.0,DevOps-California,Pending,6/22/2020,113727.23,david.garcia@example.com,8818984840,Poor,False,DevOps,California,Valid,Needs Verification
982,EMP1982,Eva,Brown,25.0,HR-New York,Active,1/7/2023,72828.18,eva.brown@example.com,6046154020,Good,False,HR,New York,Valid,Needs Verification
983,EMP1983,Grace,Jones,30.0,Sales-Florida,Inactive,2/11/2020,98717.09,grace.jones@example.com,1901707567,Poor,False,Sales,Florida,Valid,Needs Verification
984,EMP1984,Frank,Garcia,40.0,Sales-Florida,Inactive,3/18/2023,56840.8,frank.garcia@example.com,1429831521,Poor,True,Sales,Florida,Valid,Needs Verification
985,EMP1985,David,Johnson,35.0,Finance-Illinois,Pending,11/26/2021,61663.91,david.johnson@example.com,9107322835,Average,True,Finance,Illinois,Valid,Needs Verification
986,EMP1986,Grace,Brown,30.0,Finance-Nevada,Active,9/17/2024,109523.4,grace.brown@example.com,,Poor,True,Finance,Nevada,Invalid,Needs Verification
987,EMP1987,Eva,Brown,25.0,HR-Illinois,Inactive,7/5/2024,65812.02,eva.brown@example.com,3963845268,Average,True,HR,Illinois,Valid,Needs Verification
988,EMP1988,Bob,Johnson,30.0,Cloud Tech-Illinois,Inactive,7/13/2021,54708.88,bob.johnson@example.com,6944391648,Excellent,True,Cloud Tech,Illinois,Valid,Needs Verification
989,EMP1989,Heidi,Garcia,40.0,Admin-California,Active,8/27/2023,107661.73,heidi.garcia@example.com,7016934291,Excellent,True,Admin,California,Valid,Needs Verification
990,EMP1990,Eva,Johnson,40.0,DevOps-Illinois,Inactive,2/13/2021,79002.0,eva.johnson@example.com,9132033015,Average,True,DevOps,Illinois,Valid,Needs Verification
991,EMP1991,Heidi,Brown,30.0,Admin-Texas,Pending,12/11/2023,86135.69,heidi.brown@example.com,2341903105,Excellent,False,Admin,Texas,Valid,Needs Verification
992,EMP1992,Heidi,Johnson,30.0,DevOps-Nevada,Inactive,7/2/2021,115601.4,heidi.johnson@example.com,1537221555,Good,True,DevOps,Nevada,Valid,Needs Verification
993,EMP1993,Grace,Brown,30.0,DevOps-Nevada,Active,12/5/2022,64045.36,grace.brown@example.com,6847323652,Poor,True,DevOps,Nevada,Valid,Needs Verification
994,EMP1994,David,Brown,30.0,DevOps-Nevada,Inactive,9/24/2024,80477.21,david.brown@example.com,3774604066,Good,False,DevOps,Nevada,Valid,Needs Verification
995,EMP1995,Bob,Jones,30.0,Finance-California,Inactive,8/16/2023,61240.9,bob.jones@example.com,2007843613,Poor,True,Finance,California,Valid,Needs Verification
996,EMP1996,David,Smith,40.0,Admin-Texas,Active,1/28/2021,51939.29,david.smith@example.com,2442607818,Excellent,True,Admin,Texas,Valid,Needs Verification
997,EMP1997,Eva,Brown,40.0,Finance-Illinois,Inactive,5/14/2022,95284.54,eva.brown@example.com,7543734763,Good,False,Finance,Illinois,Valid,Needs Verification
998,EMP1998,Charlie,Garcia,35.0,Admin-Texas,Inactive,6/5/2024,106247.67,charlie.garcia@example.com,2737203762,Excellent,True,Admin,Texas,Valid,Needs Verification
999,EMP1999,Charlie,Williams,25.0,DevOps-Florida,Active,4/23/2020,110170.88,charlie.williams@example.com,8821458413,Poor,True,DevOps,Florida,Valid,Needs Verification
1000,EMP2000,Charlie,Miller,25.0,HR-Nevada,Pending,6/10/2024,52615.44,charlie.miller@example.com,8460191343,Average,True,HR,Nevada,Valid,Needs Verification
1001,EMP2001,Eva,Davis,30.0,DevOps-Illinois,Inactive,4/18/2020,82547.26,eva.davis@example.com,3899827801,Average,False,DevOps,Illinois,Valid,Needs Verification
1002,EMP2002,Bob,Smith,35.0,Finance-Illinois,Pending,6/29/2020,63049.22,bob.smith@example.com,,Good,True,Finance,Illinois,Invalid,Needs Verification
1003,EMP2003,Frank,Smith,35.0,HR-California,Pending,2/15/2023,115229.12,frank.smith@example.com,1464493698,Excellent,True,HR,California,Valid,Needs Verification
1004,EMP2004,Grace,Smith,25.0,DevOps-Illinois,Pending,6/15/2023,60687.63,grace.smith@example.com,9516793349,Excellent,False,DevOps,Illinois,Valid,Needs Verification
1005,EMP2005,Frank,Jones,30.0,Finance-Illinois,Inactive,3/19/2022,67492.73,frank.jones@example.com,5573857367,Good,True,Finance,Illinois,Valid,Needs Verification
1006,EMP2006,Grace,Brown,30.0,HR-Illinois,Inactive,10/25/2023,77821.79,grace.brown@example.com,,Average,False,HR,Illinois,Invalid,Needs Verification
1007,EMP2007,Charlie,Jones,35.0,DevOps-Texas,Active,7/14/2022,69146.95,charlie.jones@example.com,6811872332,Poor,False,DevOps,Texas,Valid,Needs Verification
1008,EMP2008,Grace,Brown,35.0,Admin-Nevada,Inactive,3/12/2022,90224.82,grace.brown@example.com,5104096148,Good,True,Admin,Nevada,Valid,Needs Verification
1009,EMP2009,David,Garcia,30.0,Finance-Illinois,Pending,6/11/2024,62603.98,david.garcia@example.com,7315391148,Poor,False,Finance,Illinois,Valid,Needs Verification
1010,EMP2010,Bob,Jones,35.0,Sales-Nevada,Active,6/10/2024,71148.27,bob.jones@example.com,8307482072,Average,False,Sales,Nevada,Valid,Needs Verification
1011,EMP2011,David,Jones,40.0,Admin-California,Inactive,9/21/2022,52031.74,david.jones@example.com,6511893939,Excellent,True,Admin,California,Valid,Needs Verification
1012,EMP2012,Grace,Miller,35.0,DevOps-Florida,Inactive,4/15/2023,85547.87,grace.miller@example.com,6557820189,Average,False,DevOps,Florida,Valid,Needs Verification
1013,EMP2013,Eva,Williams,30.0,HR-Illinois,Pending,2/6/2020,116680.63,eva.williams@example.com,4322302332,Good,False,HR,Illinois,Valid,Needs Verification
1014,EMP2014,Grace,Jones,30.0,Finance-Nevada,Pending,5/16/2021,51990.98,grace.jones@example.com,2470739200,Excellent,True,Finance,Nevada,Valid,Needs Verification
1015,EMP2015,David,Miller,30.0,HR-California,Active,8/19/2023,85547.87,david.miller@example.com,3546212759,Good,True,HR,California,Valid,Needs Verification
1016,EMP2016,David,Johnson,30.0,Cloud Tech-Texas,Inactive,11/7/2021,100215.06,david.johnson@example.com,2508261122,Good,True,Cloud Tech,Texas,Valid,Needs Verification
1017,EMP2017,Charlie,Williams,40.0,Finance-New York,Active,10/4/2023,114587.11,charlie.williams@example.com,1261632487,Average,False,Finance,New York,Valid,Needs Verification
1018,EMP2018,Alice,Garcia,30.0,HR-Florida,Inactive,12/16/2024,71318.79,alice.garcia@example.com,8995729892,Good,True,HR,Florida,Valid,Needs Verification
1019,EMP2019,Heidi,Jones,30.0,DevOps-Illinois,Pending,2/22/2021,77764.24,heidi.jones@example.com,7629745492,Average,False,DevOps,Illinois,Valid,Needs Verification
